Card Name,Bayes Smoothed Winrate %,Raw Post-Acquisition Winrate %,Combined Post-Acquisition Record,Total Post Matches Tracked,Pools Opened In
Lamplight Phoenix (Copy 1),58.39,75.51,37-12,49,4
Raucous Entertainer (Copy 1),57.53,63.87,76-43,119,11
Nezumi Linkbreaker (Copy 1),57.41,61.96,101-62,163,11
Arid Archway (Copy 1),57.23,67.12,49-24,73,5
Throw from the Saddle (Copy 1),57.19,60.26,141-93,234,16
"Shuri, Wakandan Inventor (Copy 2)",56.77,69.09,38-17,55,5
Warleader's Call (Copy 1),56.67,70.0,35-15,50,4
Caught in the Crossfire (Copy 1),55.93,60.29,82-54,136,8
Assassin's Trophy (Copy 1),55.92,67.31,35-17,52,4
Case of the Locked Hothouse (Copy 1),55.88,64.29,45-25,70,4
Ornery Tumblewagg (Copy 1),55.73,74.19,23-8,31,2
"Legolas, Master Archer (Copy 1)",55.7,65.52,38-20,58,4
Concealed Courtyard (Copy 1),55.63,69.05,29-13,42,2
Crowd of True Believers (Copy 4),55.63,66.67,34-17,51,4
Donatello's Technique (Copy 1),55.61,60.95,64-41,105,9
Bristling Backwoods (Copy 1),55.6,58.76,104-73,177,11
Dream Beavers (Copy 1),55.56,62.5,50-30,80,6
Desert's Due (Copy 1),55.52,57.87,136-99,235,17
Zoo Escapees (Copy 1),55.39,58.58,99-70,169,17
"Attuma, Atlantean Warlord (Copy 2)",55.38,61.63,53-33,86,9
Bounding Felidar (Copy 1),55.38,73.33,22-8,30,4
Case of the Gateway Express (Copy 1),55.28,63.93,39-22,61,5
Cornered Crook (Copy 1),55.19,64.81,35-19,54,7
Ravenous Robots (Copy 1),55.17,66.67,30-15,45,2
"Hulk, Gamma Goliath (Copy 2)",55.1,60.42,58-38,96,7
Tinybones Joins Up (Copy 1),55.03,62.32,43-26,69,5
Fling (Copy 1),55.0,61.25,49-31,80,6
Holy Cow (Copy 1),54.94,57.14,128-96,224,18
Super Strength (Copy 3),54.93,66.67,28-14,42,4
Fae Flight (Copy 1),54.93,66.67,28-14,42,3
Turtle Lair (Copy 1),54.92,60.22,56-37,93,8
Stark Industries (Copy 2),54.87,57.21,119-89,208,12
Undercover Skrull (Copy 3),54.79,65.22,30-16,46,5
The Cloning of Shredder (Copy 1),54.76,73.08,19-7,26,2
Celeborn the Wise (Copy 1),54.75,60.76,48-31,79,4
Lightning Helix (Copy 1),54.74,67.57,25-12,37,3
Jet's Brainwashing (Copy 1),54.73,64.58,31-17,48,5
Demonic Ruckus (Copy 1),54.7,60.49,49-32,81,5
Dust Bowl (Copy 1),54.69,71.43,20-8,28,2
Scientist Supreme of A.I.M. (Copy 2),54.67,64.0,32-18,50,3
Zoo Escapees (Copy 2),54.62,70.0,21-9,30,3
Phantom Interference (Copy 1),54.55,56.52,130-100,230,17
"Spider-Woman, Secret Agent (Copy 2)",54.55,58.02,76-55,131,7
Avatar Destiny (Copy 1),54.55,68.75,22-10,32,2
Botanical Sanctum (Copy 1),54.55,100.0,10-0,10,2
"Shark Shredder, Killer Clone (Copy 1)",54.55,62.96,34-20,54,5
Eroded Canyon (Copy 1),54.55,59.77,52-35,87,6
"Alquist Proft, Master Sleuth (Copy 1)",54.55,76.19,16-5,21,2
Boneyard Desecrator (Copy 1),54.5,58.56,65-46,111,8
"Éomer, Marshal of Rohan (Copy 1)",54.49,60.26,47-31,78,4
Death in the Family (Copy 1),54.41,58.65,61-43,104,8
"Jet, Freedom Fighter (Copy 1)",54.4,59.14,55-38,93,6
Sundering Growth (Copy 1),54.39,85.71,12-2,14,1
Michelangelo's Technique (Copy 1),54.35,65.79,25-13,38,3
"Michelangelo, Improviser (Copy 1)",54.35,65.79,25-13,38,2
Prosperity Tycoon (Copy 1),54.32,61.29,38-24,62,6
Binding Negotiation (Copy 1),54.29,65.0,26-14,40,5
Super Villain Lockup (Copy 2),54.26,59.09,52-36,88,7
Shackle Slinger (Copy 1),54.24,59.74,46-31,77,7
"Wan Shi Tong, Librarian (Copy 1)",54.2,67.74,21-10,31,2
Visions of Villainy (Copy 3),54.17,63.64,28-16,44,3
Pompous Gadabout (Copy 1),54.17,63.64,28-16,44,2
Conduit Pylons (Copy 2),54.17,63.64,28-16,44,3
Betrayal at the Vault (Copy 1),54.15,57.36,74-55,129,8
Stark Industries Executive (Copy 3),54.14,66.67,22-11,33,2
Day of Black Sun (Copy 1),54.03,70.83,17-7,24,2
Deadly Cover-Up (Copy 1),54.01,64.86,24-13,37,2
"Taii Wakeen, Perfect Shot (Copy 1)",54.01,64.86,24-13,37,2
Scorching Shot (Copy 1),53.97,58.43,52-37,89,7
The Cave of Two Lovers (Copy 1),53.96,57.84,59-43,102,8
Slickshot Vault-Buster (Copy 1),53.93,56.11,101-79,180,17
Skewer the Critics (Copy 1),53.93,58.97,46-32,78,4
"Colleen Wing, Street Samurai (Copy 2)",53.85,56.72,76-58,134,9
Raven of Fell Omens (Copy 2),53.85,76.47,13-4,17,1
Quilled Charger (Copy 2),53.85,76.47,13-4,17,1
Nightdrinker Moroii (Copy 1),53.8,59.15,42-29,71,5
Steely Resolve (Copy 1),53.7,59.68,37-25,62,3
Deadly Complication (Copy 1),53.69,61.22,30-19,49,4
"Wiccan, Rising Magician (Copy 2)",53.66,57.14,60-45,105,9
Rooftop Assassin (Copy 1),53.64,55.9,90-71,161,16
Mistway Spy (Copy 1),53.64,60.78,31-20,51,5
Frontier Seeker (Copy 1),53.62,56.3,76-59,135,11
"Storm, Force of Nature (Copy 1)",53.6,68.0,17-8,25,1
"Raphael, the Nightwatcher (Copy 1)",53.57,62.5,25-15,40,3
Bucolic Ranch (Copy 2),53.57,62.5,25-15,40,2
Doctor Doom (Copy 1),53.54,55.84,86-68,154,9
"Lita, Little Orphan Amphibian (Copy 1)",53.51,57.65,49-36,85,9
"Hawkeye, Young Avenger (Copy 2)",53.51,57.65,49-36,85,8
"Loot, the Key to Everything (Copy 1)",53.49,65.52,19-10,29,2
"War Machine, Legacy of Iron (Copy 2)",53.49,55.7,88-70,158,9
Sewer-veillance Cam (Copy 2),53.45,75.0,12-4,16,2
Due Diligence (Copy 1),53.42,55.97,75-59,134,10
"Yellowjacket, Heartless Marauder (Copy 2)",53.42,55.97,75-59,134,9
Ninja Teen (Copy 1),53.42,60.87,28-18,46,4
Omni-Cheese Pizza (Copy 1),53.4,55.02,115-94,209,16
Miles Morales // Ultimate Spider-Man (Copy 1),53.38,60.42,29-19,48,3
The Bath Song (Copy 1),53.37,58.73,37-26,63,6
Congregation Gryff (Copy 2),53.33,70.0,14-6,20,1
Void Rend (Copy 1),53.33,70.0,14-6,20,1
"Captain America, Super-Soldier (Copy 2)",53.33,70.0,14-6,20,1
Ravenous Tyrannosaurus (Copy 1),53.33,70.0,14-6,20,1
Omenpath Journey (Copy 1),53.28,68.18,15-7,22,2
Daring Thunder-Thief (Copy 1),53.28,55.56,80-64,144,12
Stoneforge Mystic (Copy 1),53.28,68.18,15-7,22,1
Shoot the Sheriff (Copy 1),53.28,68.18,15-7,22,1
Shredder's Armor (Copy 1),53.27,56.57,56-43,99,9
Outcaster Trailblazer (Copy 1),53.25,59.26,32-22,54,5
Steer Clear (Copy 2),53.21,88.89,8-1,9,1
Invasion Reinforcements (Copy 1),53.19,56.82,50-38,88,5
Smite the Deathless (Copy 2),53.17,65.38,17-9,26,4
Baxter Building (Copy 2),53.15,55.74,68-54,122,8
"Ghired, Mirror of the Wilds (Copy 1)",53.15,60.47,26-17,43,2
Spirebluff Canal (Copy 1),53.15,81.82,9-2,11,2
Bucolic Ranch (Copy 1),53.12,58.33,35-25,60,4
"Don & Raph, Hard Science (Copy 1)",53.12,58.33,35-25,60,5
Goldvein Hydra (Copy 1),53.1,60.0,27-18,45,3
EPF Point Squad (Copy 2),53.1,60.0,27-18,45,4
Lightning Strike (Copy 4),53.1,76.92,10-3,13,1
Sewer-veillance Cam (Copy 1),53.09,54.46,122-102,224,22
Avatar's Wrath (Copy 1),53.08,63.33,19-11,30,2
Fisk Tower (Copy 2),53.06,56.25,54-42,96,5
"War Machine, Legacy of Iron (Copy 3)",53.05,57.81,37-27,64,4
Grounded for Life (Copy 1),53.05,54.39,124-104,228,19
Crime // Punishment (Copy 1),53.03,62.5,20-12,32,2
Primal Might (Copy 1),53.03,62.5,20-12,32,2
Curious Inquiry (Copy 1),53.01,56.63,47-36,83,6
Cruel Alliance (Copy 2),52.99,53.97,163-139,302,21
Intrepid Stablemaster (Copy 1),52.99,55.22,74-60,134,8
Deepmuck Desperado (Copy 1),52.99,61.76,21-13,34,3
Show and Tell (Copy 1),52.99,70.59,12-5,17,1
Rohirrim Lancer (Copy 2),52.99,70.59,12-5,17,2
Great Train Heist (Copy 1),52.98,58.82,30-21,51,4
Fuss // Bother (Copy 1),52.97,55.15,75-61,136,9
Earthbender Ascension (Copy 1),52.94,68.42,13-6,19,1
Cactusfolk Sureshot (Copy 2),52.94,68.42,13-6,19,1
Spinewoods Armadillo (Copy 1),52.91,56.94,41-31,72,7
Karlov Watchdog (Copy 1),52.9,58.18,32-23,55,5
Allies at Last (Copy 1),52.89,54.93,78-64,142,11
"Wolverine, Fierce Fighter (Copy 1)",52.85,53.69,182-157,339,20
"Frodo, Sauron's Bane (Copy 1)",52.85,65.22,15-8,23,2
Break Out (Copy 1),52.83,57.63,34-25,59,5
Imp's Mischief (Copy 1),52.8,64.0,16-9,25,4
"Whiplash, Vengeful Engineer (Copy 3)",52.8,64.0,16-9,25,1
"Eriette, the Beguiler (Copy 1)",52.8,64.0,16-9,25,2
Reach for the Sky (Copy 2),52.78,87.5,7-1,8,2
Step Between Worlds (Copy 1),52.78,56.25,45-35,80,7
"Rick Jones, Destined Sidekick (Copy 2)",52.76,57.14,36-27,63,4
Rising of the Day (Copy 2),52.73,80.0,8-2,10,1
Congregation Gryff (Copy 1),52.72,55.95,47-37,84,6
Pet Avengers (Copy 3),52.71,55.34,57-46,103,9
"Spider-Gwen, Free Spirit (Copy 1)",52.71,54.43,86-72,158,12
Foot Mystic (Copy 1),52.71,55.34,57-46,103,13
Collective Defiance (Copy 1),52.71,62.07,18-11,29,2
Gila Courser (Copy 1),52.7,58.33,28-20,48,4
Hindering Light (Copy 1),52.69,56.72,38-29,67,5
Novice Inspector (Copy 2),52.68,75.0,9-3,12,1
Absolving Lammasu (Copy 2),52.68,75.0,9-3,12,1
Sanitation Automaton (Copy 2),52.68,75.0,9-3,12,1
Scientist Supreme of A.I.M. (Copy 1),52.66,53.14,296-261,557,32
"Rocksteady, Crash Courser (Copy 1)",52.66,53.78,128-110,238,20
Anchovy & Banana Pizza (Copy 1),52.65,54.76,69-57,126,13
Innocent Bystander (Copy 1),52.63,54.42,80-67,147,13
Team Avatar (Copy 1),52.63,56.34,40-31,71,6
Earth Rumble Wrestlers (Copy 2),52.63,71.43,10-4,14,1
"Electro, Assaulting Battery (Copy 1)",52.63,60.61,20-13,33,3
Sozin's Comet (Copy 1),52.63,71.43,10-4,14,1
Frantic Scapegoat (Copy 1),52.61,54.95,61-50,111,8
Dependable Quinjet (Copy 2),52.6,53.58,142-123,265,21
Polygraph Orb (Copy 1),52.6,55.43,51-41,92,8
Hotshot Investigators (Copy 2),52.59,68.75,11-5,16,2
Hostile Investigator (Copy 1),52.59,68.75,11-5,16,1
Dance of the Tumbleweeds (Copy 2),52.59,68.75,11-5,16,1
Fractured Identity (Copy 1),52.59,60.0,21-14,35,2
Conduit Pylons (Copy 1),52.57,54.07,93-79,172,12
"Captain America, Wings of Freedom (Copy 3)",52.54,66.67,12-6,18,1
"Ironheart, Clever Champion (Copy 2)",52.54,66.67,12-6,18,1
Deadly Dispute (Copy 1),52.54,66.67,12-6,18,1
Super Speed (Copy 4),52.54,66.67,12-6,18,1
"Haru, Hidden Talent (Copy 1)",52.53,56.9,33-25,58,7
HYDRA Infiltration (Copy 3),52.52,58.97,23-16,39,2
Prairie Dog (Copy 1),52.51,55.7,44-35,79,6
"The Sentry, Golden Guardian (Copy 1)",52.5,53.33,160-140,300,18
Shepherd of the Clouds (Copy 1),52.5,56.67,34-26,60,5
Warbeast of Gorgoroth (Copy 2),52.5,65.0,13-7,20,2
Beifong's Bounty Hunters (Copy 1),52.5,65.0,13-7,20,1
Kraul Whipcracker (Copy 1),52.48,58.54,24-17,41,2
"Leonardo, Cutting Edge (Copy 1)",52.48,58.54,24-17,41,3
Restorative Technique (Copy 3),52.48,58.54,24-17,41,3
"Bill Ferny, Bree Swindler (Copy 1)",52.48,58.54,24-17,41,3
"Rocksteady, Crash Courser (Copy 2)",52.47,56.45,35-27,62,6
"Colleen Wing, Street Samurai (Copy 3)",52.46,63.64,14-8,22,1
Nurturing Pixie (Copy 2),52.46,63.64,14-8,22,1
Prickly Pair (Copy 2),52.46,63.64,14-8,22,1
Redirect Lightning (Copy 1),52.46,63.64,14-8,22,1
Reach for the Sky (Copy 1),52.41,53.68,102-88,190,16
Galvanize (Copy 1),52.41,53.68,102-88,190,14
It Doesn't Add Up (Copy 1),52.38,61.54,16-10,26,3
"Misty Knight, Hero for Hire (Copy 3)",52.38,100.0,5-0,5,1
Deadeye Duelist (Copy 1),52.38,53.61,104-90,194,14
Karai's Technique (Copy 1),52.38,57.45,27-20,47,4
"Monica Rambeau // Photon, Living Light (Copy 1)",52.37,53.11,171-151,322,18
"Moonstone, Harsh Mistress (Copy 2)",52.36,54.95,50-41,91,5
Riftburst Hellion (Copy 2),52.34,85.71,6-1,7,1
"Kambal, Profiteering Mayor (Copy 1)",52.32,56.86,29-22,51,4
Vindictive Warden (Copy 1),52.31,53.25,131-115,246,17
Ominous Asylum (Copy 1),52.31,54.31,63-53,116,10
Griffnaut Tracker (Copy 1),52.31,53.33,120-105,225,16
Reenact the Crime (Copy 1),52.31,60.0,18-12,30,3
Primal Command (Copy 1),52.31,60.0,18-12,30,2
Ooze Spill (Copy 1),52.3,55.41,41-33,74,6
"Kylox, Visionary Inventor (Copy 1)",52.29,56.6,30-23,53,3
"The Mechanist, Aerial Artisan (Copy 2)",52.29,77.78,7-2,9,1
"Splinter, Radical Rat (Copy 1)",52.29,77.78,7-2,9,1
Rock Soldiers (Copy 2),52.29,77.78,7-2,9,1
TCRI Building (Copy 3),52.29,77.78,7-2,9,1
Hawkeye's Bow (Copy 3),52.27,59.38,19-13,32,2
Mind Transfer Protocol (Copy 2),52.25,72.73,8-3,11,2
"Ertha Jo, Frontier Mentor (Copy 1)",52.25,55.13,43-35,78,5
"Mole Man, Moloid Master (Copy 1)",52.23,52.83,196-175,371,24
Inventive Wingsmith (Copy 1),52.23,53.4,102-89,191,15
Cerebral Confiscation (Copy 1),52.21,53.69,80-69,149,11
Shredder's Armor (Copy 2),52.21,69.23,9-4,13,1
Soul Search (Copy 1),52.21,69.23,9-4,13,1
Banish from Edoras (Copy 2),52.21,69.23,9-4,13,1
Spiteful Banditry (Copy 1),52.21,69.23,9-4,13,1
Generous Ent (Copy 2),52.21,69.23,9-4,13,1
The Unbeatable Squirrel Girl (Copy 1),52.19,52.77,200-179,379,23
Wartime Protestors (Copy 1),52.17,66.67,10-5,15,2
Consuming Ashes (Copy 2),52.17,66.67,10-5,15,1
Twin Blades (Copy 1),52.17,54.76,46-38,84,6
Courier of Comestibles (Copy 1),52.15,54.65,47-39,86,8
Call Damage Control (Copy 3),52.15,54.65,47-39,86,10
Plan the Heist (Copy 1),52.14,57.5,23-17,40,4
Birnin Zana Plaza (Copy 2),52.11,53.26,98-86,184,12
Tyrant's Scorn (Copy 1),52.11,57.14,24-18,42,3
Deserter's Disciple (Copy 2),52.1,63.16,12-7,19,1
Boneyard Desecrator (Copy 2),52.1,63.16,12-7,19,2
Entish Restoration (Copy 1),52.08,54.35,50-42,92,8
Madame Hydra (Copy 3),52.07,61.9,13-8,21,1
"Black Panther, Wakandan King (Copy 1)",52.07,61.9,13-8,21,1
"Green Goblin, Revenant (Copy 1)",52.06,54.26,51-43,94,7
Turncoat Kunoichi (Copy 1),52.05,56.52,26-20,46,3
Damage Control Crew (Copy 2),52.0,60.0,15-10,25,3
"Justice, Vance Astrovik (Copy 2)",52.0,53.14,93-82,175,13
S.H.I.E.L.D. Flying Car (Copy 1),51.99,52.56,185-167,352,22
Dance of the Tumbleweeds (Copy 1),51.98,53.29,81-71,152,11
"Théoden, King of Rohan (Copy 1)",51.98,54.55,42-35,77,5
"Misty Knight, Hero for Hire (Copy 2)",51.97,53.07,95-84,179,12
Realm of Koh (Copy 1),51.97,59.26,16-11,27,3
Decoy Ploy (Copy 3),51.95,55.56,30-24,54,8
Crime Novelist (Copy 1),51.95,55.56,30-24,54,3
"Zog, Triceraton Castaway (Copy 2)",51.94,58.62,17-12,29,3
Ostrich-Horse (Copy 2),51.94,58.62,17-12,29,2
Aven Interrupter (Copy 1),51.94,58.62,17-12,29,2
Murdock's Crusade (Copy 3),51.92,55.36,31-25,56,7
Auspicious Arrival (Copy 2),51.92,100.0,4-0,4,1
Avengers Disassembled (Copy 2),51.92,100.0,4-0,4,1
Badgermole (Copy 1),51.88,52.85,102-91,193,15
Mystical Tether (Copy 2),51.88,57.58,19-14,33,3
Private Eye (Copy 1),51.88,55.0,33-27,60,5
Raft Security Officer (Copy 4),51.85,75.0,6-2,8,1
Thinking Cap (Copy 1),51.85,52.94,90-80,170,10
Deduce (Copy 1),51.85,53.15,76-67,143,13
Case of the Stashed Skeleton (Copy 1),51.85,57.14,20-15,35,4
On the Job (Copy 1),51.84,52.91,91-81,172,12
Slice from the Shadows (Copy 1),51.84,53.1,77-68,145,11
"Savanti Romero, Time's Exile (Copy 1)",51.83,53.85,49-42,91,8
"Echo, Perceptive Prodigy (Copy 2)",51.82,53.33,64-56,120,7
Gleaming Bastion (Copy 2),51.82,56.76,21-16,37,4
Tainted Treats (Copy 1),51.82,53.06,78-69,147,11
Hero in Training (Copy 4),51.82,70.0,7-3,10,1
The Super Hero Civil War (Copy 1),51.81,52.45,150-136,286,18
Coerced to Kill (Copy 1),51.81,54.55,36-30,66,4
"Vraska, the Silencer (Copy 1)",51.8,56.41,22-17,39,2
Hellspur Brute (Copy 1),51.79,54.41,37-31,68,6
Common Crook (Copy 2),51.77,56.1,23-18,41,3
Terrific Team-Up (Copy 1),51.76,54.29,38-32,70,5
"Speed, Young Avenger (Copy 2)",51.76,53.54,53-46,99,6
I Am Iron Man (Copy 3),51.76,53.54,53-46,99,9
Shadowspear (Copy 1),51.75,64.29,9-5,14,1
Bubble Smuggler (Copy 2),51.75,64.29,9-5,14,2
"Geralf, the Fleshwright (Copy 1)",51.75,64.29,9-5,14,1
Stark Industries Executive (Copy 4),51.75,64.29,9-5,14,1
Goblin Maskmaker (Copy 1),51.74,53.08,69-61,130,13
Turtle Blimp (Copy 1),51.72,62.5,10-6,16,2
Gríma Wormtongue (Copy 1),51.72,55.56,25-20,45,3
Lost to Legend (Copy 1),51.72,54.05,40-34,74,5
Force of Vigor (Copy 1),51.72,62.5,10-6,16,1
"Agent Bishop, Man in Black (Copy 1)",51.72,62.5,10-6,16,2
Agent Maria Hill (Copy 4),51.72,62.5,10-6,16,1
Incinerator of the Guilty (Copy 1),51.72,62.5,10-6,16,2
Feed the Swarm (Copy 1),51.69,61.11,11-7,18,1
Trash the Town (Copy 1),51.69,53.85,42-36,78,7
Drover Grizzly (Copy 3),51.69,61.11,11-7,18,1
Outlaws' Merriment (Copy 1),51.69,61.11,11-7,18,2
Mountain (Copy 5),51.67,60.0,12-8,20,4
"Doc Ock, Sinister Scientist (Copy 2)",51.67,60.0,12-8,20,1
Doubling Season (Copy 1),51.67,60.0,12-8,20,1
Fin Fang Foom (Copy 2),51.67,60.0,12-8,20,1
"Zog, Triceraton Castaway (Copy 3)",51.67,60.0,12-8,20,1
Evil's Thrall (Copy 2),51.66,53.15,59-52,111,6
Everything Pizza (Copy 1),51.66,54.9,28-23,51,4
Glint Weaver (Copy 1),51.66,54.9,28-23,51,4
"Raph & Mikey, Troublemakers (Copy 1)",51.66,54.9,28-23,51,4
Absorbing Man (Copy 1),51.65,52.2,154-141,295,20
Raft Security Officer (Copy 3),51.65,53.66,44-38,82,7
Red Hulk (Copy 2),51.65,53.66,44-38,82,8
Bill the Pony (Copy 1),51.65,53.66,44-38,82,6
Connecting the Dots (Copy 1),51.64,59.09,13-9,22,2
Spring Splasher (Copy 1),51.64,53.1,60-53,113,10
Clever Impersonator (Copy 1),51.64,59.09,13-9,22,1
Asgardian Citadel (Copy 2),51.63,53.04,61-54,115,8
"Bruse Tarl, Roving Rancher (Copy 1)",51.63,54.72,29-24,53,4
Crescent Island Temple (Copy 1),51.61,52.99,62-55,117,11
Doorkeeper Thrull (Copy 1),51.61,58.33,14-10,24,3
Monologue Tax (PLST) C21-19 (Copy 1),51.61,58.33,14-10,24,1
"Black Panther, Vanguard (Copy 3)",51.61,58.33,14-10,24,1
Illicit Masquerade (Copy 1),51.59,57.69,15-11,26,2
Overzealous Muscle (Copy 2),51.59,57.69,15-11,26,2
Mana Drain (Copy 1),51.59,57.69,15-11,26,2
Offender at Large (Copy 1),51.56,52.27,115-105,220,17
Wanted Griffin (Copy 2),51.56,57.14,16-12,28,3
Putrid Pals (Copy 1),51.56,53.26,49-43,92,8
"Fblthp, Lost on the Range (Copy 1)",51.55,54.1,33-28,61,5
Thoughtseize (Copy 1),51.54,56.67,17-13,30,2
Spectacular Spider-Man (Copy 1),51.52,56.25,18-14,32,3
Cruel Alliance (Copy 3),51.52,56.25,18-14,32,4
Go Ninja Go (Copy 1),51.52,53.06,52-46,98,9
Omenport Vigilante (Copy 1),51.52,56.25,18-14,32,2
Sharp-Eyed Rookie (Copy 1),51.48,53.62,37-32,69,6
"Daredevil, Man Without Fear (Copy 2)",51.47,55.56,20-16,36,3
"Ghost, Spectral Saboteur (Copy 2)",51.47,52.88,55-49,104,7
Repeat Offender (Copy 1),51.45,52.48,74-67,141,16
Heartless Pillage (Copy 1),51.45,53.42,39-34,73,8
Rubblebelt Maverick (Copy 1),51.45,52.48,74-67,141,14
Patient Naturalist (Copy 1),51.43,52.41,76-69,145,12
"Andúril, Flame of the West (LTR) 746z (Copy 1)",51.43,55.0,22-18,40,2
Turtle Van (Copy 1),51.41,53.25,41-36,77,6
"Toph, the First Metalbender (Copy 1)",51.41,54.76,23-19,42,2
Shifting Grift (Copy 2),51.4,71.43,5-2,7,1
Highway Robbery (Copy 2),51.4,71.43,5-2,7,1
Kellan Joins Up (Copy 1),51.4,71.43,5-2,7,1
First-Time Flyer (Copy 2),51.4,71.43,5-2,7,2
"Koya, Death from Above (Copy 2)",51.4,71.43,5-2,7,1
Wispdrinker Vampire (Copy 1),51.39,54.55,24-20,44,4
"Mister Fantastic, Reed Richards (Copy 2)",51.38,52.54,62-56,118,8
Oasis Gardener (Copy 1),51.38,52.29,80-73,153,16
Vanishing Verse (Copy 1),51.37,54.35,25-21,46,3
A.I.M. Scientists (Copy 4),51.35,63.64,7-4,11,2
"Donatello, Mutant Mechanic (Copy 1)",51.35,63.64,7-4,11,1
Harvester of Misery (Copy 1),51.35,63.64,7-4,11,1
"Leonardo, Leader in Blue (Copy 2)",51.35,63.64,7-4,11,1
TCRI Building (Copy 2),51.35,63.64,7-4,11,1
Jailbreak Scheme (Copy 2),51.33,61.54,8-5,13,1
"Grim Reaper, Lethal Legionnaire (Copy 2)",51.32,52.34,67-61,128,10
Pest Infestation (Copy 1),51.32,53.85,28-24,52,3
Avengers Disassembled (Copy 1),51.31,51.65,204-191,395,25
Depower (Copy 4),51.3,60.0,9-6,15,1
High-Flying Ace (Copy 1),51.3,51.84,127-118,245,21
The Walls of Ba Sing Se (Copy 1),51.3,53.7,29-25,54,3
"Spider-Woman, Secret Agent (Copy 3)",51.3,60.0,9-6,15,1
Earth's Mightiest Heroes (Copy 1),51.29,52.05,89-82,171,10
"Stockman, Mad Fly-entist (Copy 1)",51.28,52.02,90-83,173,16
Blacksnag Buzzard (Copy 2),51.28,58.82,10-7,17,2
Cerebral Confiscation (Copy 2),51.28,58.82,10-7,17,1
Wakandan Royal Guard (Copy 4),51.28,58.82,10-7,17,1
Tin Street Gossip (Copy 1),51.27,52.58,51-46,97,9
Planetarium of Wan Shi Tong (Copy 1),51.26,57.89,11-8,19,2
Agent Maria Hill (Copy 3),51.26,57.89,11-8,19,2
"Kellan, Inquisitive Prodigy // Tail the Suspect (Copy 1)",51.26,57.89,11-8,19,1
Generous Plunderer (Copy 1),51.26,57.89,11-8,19,1
Drover Grizzly (Copy 2),51.26,57.89,11-8,19,1
Water Tribe Captain (Copy 1),51.25,51.82,114-106,220,18
Team Tactics (Copy 2),51.24,52.11,74-68,142,12
Gwen Stacy // Ghost-Spider (Copy 2),51.24,57.14,12-9,21,1
The Last Ronin (Copy 1),51.24,57.14,12-9,21,2
Marauding Sphinx (Copy 1),51.23,53.23,33-29,62,6
Madame Masque (Copy 2),51.23,52.43,54-49,103,8
Tunnel Rats (Copy 2),51.22,56.52,13-10,23,2
M.O.D.O.K. (Copy 2),51.22,56.52,13-10,23,1
Dramatic Accusation (Copy 1),51.2,51.83,99-92,191,17
Greenbelt Radical (Copy 1),51.2,52.29,57-52,109,9
Archmage's Newt (Copy 1),51.2,56.0,14-11,25,3
Vibrant Cityscape (Copy 2),51.2,56.0,14-11,25,2
Flourishing Bloom-Kin (Copy 1),51.2,53.03,35-31,66,6
Harbinger of the Seas (Copy 1),51.2,56.0,14-11,25,1
"Wiccan, Rising Magician (Copy 3)",51.2,56.0,14-11,25,1
"Rakdos, Patron of Chaos (Copy 1)",51.2,56.0,14-11,25,2
Slip On the Ring (Copy 2),51.18,55.56,15-12,27,3
Paramecia Coloniex (Copy 1),51.18,52.86,37-33,70,6
"Anti-Venom, Horrifying Healer (Copy 1)",51.18,55.56,15-12,27,3
Dimension X (Copy 2),51.16,55.17,16-13,29,3
Shadow of the Goblin (Copy 1),51.16,55.17,16-13,29,3
Super Strength (Copy 2),51.15,51.54,151-142,293,21
"Oko, the Ringleader (Copy 1)",51.15,54.84,17-14,31,2
Quick Draw (Copy 2),51.15,54.84,17-14,31,2
Stark Industries (Copy 3),51.13,54.55,18-15,33,3
"Carnage, Crimson Chaos (Copy 1)",51.13,54.55,18-15,33,2
Bedevil (Copy 1),51.13,54.55,18-15,33,2
Prehistoric Pet (Copy 1),51.11,54.29,19-16,35,3
Jasmine Dragon Tea Shop (Copy 1),51.11,54.29,19-16,35,4
Gorbag of Minas Morgul (Copy 1),51.11,54.29,19-16,35,3
"Aang, the Last Airbender (Copy 1)",51.11,52.5,42-38,80,7
How to Start a Riot (Copy 1),51.1,51.97,66-61,127,12
Overzealous Muscle (Copy 1),51.1,51.61,112-105,217,14
High Noon (Copy 1),51.09,54.05,20-17,37,3
"Yue, the Moon Spirit (Copy 1)",51.09,54.05,20-17,37,3
Case of the Crimson Pulse (Copy 1),51.08,53.85,21-18,39,3
Boom Box (Copy 1),51.08,52.33,45-41,86,7
"Miriam, Herd Whisperer (Copy 1)",51.06,52.27,46-42,88,5
"Hulk, Gamma Goliath (Copy 1)",51.03,51.17,372-355,727,46
EPF Point Squad (Copy 1),51.03,51.75,74-69,143,14
"General Traag, Heart of Stone (Copy 1)",51.03,52.13,49-45,94,7
H.E.R.B.I.E. Scout Unit (Copy 2),51.02,51.23,249-237,486,37
Ant-Man's Army (Copy 2),51.02,51.19,300-286,586,38
Journey to Nowhere (Copy 1),51.02,53.19,25-22,47,3
Avengers Tower (Copy 2),51.0,51.66,78-73,151,10
Armored Armadillo (Copy 1),50.99,51.49,104-98,202,17
Harried Dronesmith (Copy 1),50.99,52.94,27-24,51,4
"Captain Mar-Vell, Space-Born (Copy 2)",50.99,51.96,53-49,102,7
"Sting, the Glinting Dagger (Copy 1)",50.99,52.94,27-24,51,4
Evil's Thrall (Copy 3),50.98,100.0,2-0,2,1
Stark Industries (Copy 4),50.98,100.0,2-0,2,1
"White Widow, Free Agent (Copy 2)",50.97,52.73,29-26,55,5
Wanted Griffin (Copy 1),50.97,51.43,108-102,210,17
"Madame Web, Clairvoyant (Copy 1)",50.97,51.89,55-51,106,8
Kree Sentinel (Copy 3),50.97,52.73,29-26,55,5
Construct a Cosmic Cube (Copy 3),50.96,75.0,3-1,4,1
"Beast, Erudite Aerialist (Copy 3)",50.96,75.0,3-1,4,1
One Ring to Rule Them All (Copy 1),50.96,75.0,3-1,4,1
Revive the Shire (Copy 2),50.96,75.0,3-1,4,1
Crowd-Control Warden (Copy 2),50.96,75.0,3-1,4,1
Offender at Large (Copy 2),50.96,75.0,3-1,4,1
Sanguine Savior (Copy 2),50.96,75.0,3-1,4,1
"Night Nurse, Healer of Heroes (Copy 2)",50.95,51.82,57-53,110,9
Hotshot Investigators (Copy 1),50.94,51.52,85-80,165,13
Sandman's Quicksand (Copy 2),50.94,66.67,4-2,6,1
"Ozai, the Phoenix King (Copy 2)",50.94,66.67,4-2,6,1
Strength of Will (Copy 2),50.94,66.67,4-2,6,1
Construct a Cosmic Cube (Copy 2),50.93,62.5,5-3,8,1
Snarling Warg (Copy 2),50.93,62.5,5-3,8,1
"Selvala, Eager Trailblazer (Copy 1)",50.93,52.46,32-29,61,4
"Lord Dregg, Insect Invader (Copy 2)",50.93,62.5,5-3,8,1
Lost to Legend (Copy 2),50.93,62.5,5-3,8,1
Hithlain Knots (Copy 2),50.93,62.5,5-3,8,1
"Leonardo, Leader in Blue (Copy 1)",50.93,52.46,32-29,61,7
Dark Fortress (Copy 3),50.93,62.5,5-3,8,1
Roaming Throne (Copy 1),50.93,62.5,5-3,8,1
"Cloak and Dagger, Entwined (Copy 4)",50.93,62.5,5-3,8,1
Scorpion's Sting (Copy 2),50.93,62.5,5-3,8,2
Mouser Mark III (Copy 2),50.93,62.5,5-3,8,1
Vengeful Creeper (Copy 2),50.91,60.0,6-4,10,1
Dog Walker (Copy 2),50.91,60.0,6-4,10,1
"Raphael, Tough Turtle (Copy 2)",50.91,60.0,6-4,10,2
Seize the Secrets (Copy 2),50.91,60.0,6-4,10,1
Pillage the Bog (Copy 1),50.91,60.0,6-4,10,1
Lotus Ring (Copy 1),50.91,60.0,6-4,10,1
Chaos Warp (Copy 1),50.89,52.17,36-33,69,3
Laid to Rest (PLST) VOW-207 (Copy 1),50.89,58.33,7-5,12,1
Suspicious Detonation (Copy 2),50.89,58.33,7-5,12,1
"Yarus, Roar of the Old Gods (Copy 1)",50.89,58.33,7-5,12,1
Mourner's Surprise (Copy 1),50.88,51.59,65-61,126,10
Murdock's Crusade (Copy 4),50.88,57.14,8-6,14,1
Vindictive Warden (Copy 2),50.88,57.14,8-6,14,2
Ithilien Kingfisher (Copy 2),50.88,57.14,8-6,14,2
Barrels of Blasting Jelly (Copy 2),50.88,57.14,8-6,14,1
Sundial of the Infinite (Copy 1),50.88,57.14,8-6,14,1
Crimestopper Sprite (Copy 1),50.87,51.32,97-92,189,15
"Toph, the Blind Bandit (Copy 1)",50.87,52.05,38-35,73,7
Thirst for Knowledge (Copy 2),50.87,52.05,38-35,73,5
Suspicious Detonation (Copy 1),50.86,51.21,127-121,248,18
Azula Always Lies (Copy 2),50.86,56.25,9-7,16,2
Uglúk of the White Hand (Copy 1),50.86,56.25,9-7,16,1
"Krenko, Baron of Tin Street (Copy 1)",50.85,55.56,10-8,18,2
Detention Sphere (Copy 1),50.85,55.56,10-8,18,1
Storm of Saruman (Copy 1),50.85,55.56,10-8,18,2
Angry Rabble (Copy 2),50.85,55.56,10-8,18,2
Bubble Smuggler (Copy 1),50.83,51.41,73-69,142,12
M.O.D.O.K. (Copy 1),50.83,51.41,73-69,142,8
Gandalf the Grey (Copy 1),50.83,55.0,11-9,20,2
Festering Gulch (Copy 1),50.83,51.43,72-68,140,12
Pirate Peddlers (Copy 2),50.83,55.0,11-9,20,3
Grand Abolisher (Copy 1),50.82,54.55,12-10,22,1
The Last Agni Kai (Copy 1),50.82,54.55,12-10,22,1
Wandering Musicians (Copy 2),50.82,54.55,12-10,22,1
Longhorn Sharpshooter (Copy 1),50.81,51.35,76-72,148,13
Mushroom Watchdogs (Copy 1),50.81,51.37,75-71,146,13
"Magda, the Hoardmaster (Copy 1)",50.81,54.17,13-11,24,3
"Aang, at the Crossroads // Aang, Destined Savior (Copy 1)",50.81,54.17,13-11,24,1
"Aang, at the Crossroads // Aang, Destined Savior (Copy 2)",50.81,54.17,13-11,24,1
Shadow of the Enemy (Copy 1),50.81,54.17,13-11,24,2
Treasure Dredger (Copy 1),50.79,51.65,47-44,91,8
"Luke Cage, Power Man (Copy 2)",50.79,53.85,14-12,26,3
Super-Soldier Serum (Copy 2),50.79,53.85,14-12,26,2
Hidden Lair (Copy 2),50.78,53.57,15-13,28,3
Uneasy Alliance (Copy 1),50.78,51.27,81-77,158,13
Rivendell (Copy 1),50.78,53.57,15-13,28,2
Training Compound (Copy 2),50.78,53.57,15-13,28,2
"Falcon, Winged Wonder (Copy 2)",50.77,53.33,16-14,30,3
Venom's Hunger (Copy 2),50.77,53.33,16-14,30,3
Parker Luck (Copy 1),50.77,53.33,16-14,30,2
Seasoned Consultant (Copy 1),50.76,51.55,50-47,97,9
"The Mechanist, Aerial Artisan (Copy 1)",50.76,53.12,17-15,32,4
Bolrac-Clan Basher (Copy 1),50.74,52.78,19-17,36,4
Emergent Haunting (Copy 1),50.74,51.46,53-50,103,7
Hour of Defeat (Copy 4),50.72,52.63,20-18,38,2
"Arachne, Psionic Weaver (Copy 1)",50.72,52.63,20-18,38,2
Sudden Setback (Copy 1),50.72,52.63,20-18,38,2
Shire Scarecrow (Copy 1),50.7,51.08,95-91,186,13
Ruthless Lawbringer (Copy 1),50.7,51.3,59-56,115,7
Ant-Man's Army (Copy 3),50.68,51.24,62-59,121,10
Crimson Operative (Copy 3),50.68,52.08,25-23,48,6
Fanatical Strength (Copy 1),50.67,52.0,26-24,50,4
Inside Source (Copy 1),50.66,50.99,103-99,202,18
"The Thing, Ben Grimm (Copy 2)",50.66,51.16,66-63,129,8
Slick Sequence (Copy 1),50.66,51.92,27-25,52,5
Seraphic Steed (Copy 1),50.66,51.92,27-25,52,3
United Front (Copy 1),50.65,51.85,28-26,54,4
Unscrupulous Agent (Copy 1),50.64,51.11,69-66,135,11
Agency Outfitter (Copy 1),50.63,51.72,30-28,58,3
Aunt May (Copy 1),50.62,51.61,32-30,62,4
"Goldberry, River-Daughter (Copy 1)",50.62,51.61,32-30,62,4
Stark Industries Executive (Copy 2),50.62,50.83,154-149,303,24
Stoic Sphinx (Copy 1),50.62,51.61,32-30,62,3
Forum Familiar (Copy 1),50.61,51.56,33-31,64,5
Surveillance Monitor (Copy 1),50.6,51.52,34-32,66,7
Forsaken Miner (Copy 1),50.6,51.52,34-32,66,5
Glider Kids (Copy 1),50.6,50.85,120-116,236,15
"Mai, Scornful Striker (Copy 1)",50.6,51.47,35-33,68,5
"Attuma, Atlantean Warlord (Copy 1)",50.58,50.65,427-416,843,49
Hedge Whisperer (Copy 1),50.58,51.39,37-35,72,5
"Ty Lee, Chi Blocker (Copy 1)",50.58,51.39,37-35,72,5
Case of the Trampled Garden (Copy 1),50.57,51.35,38-36,74,9
Barbed Servitor (Copy 1),50.57,51.32,39-37,76,4
Death to Our Enemies (Copy 2),50.56,51.25,41-39,80,7
Sterling Supplier (Copy 1),50.55,50.75,135-131,266,17
Hamato Guardian Stance (Copy 1),50.55,50.87,88-85,173,15
Accumulate Wisdom (Copy 1),50.55,51.22,42-40,82,5
Rustler Rampage (Copy 1),50.54,51.19,43-41,84,8
Energybending (Copy 1),50.54,51.16,44-42,86,7
"Koya, Death from Above (Copy 1)",50.54,51.19,43-41,84,7
Silver Deputy (Copy 1),50.53,50.72,141-137,278,22
Form a Posse (Copy 1),50.53,51.14,45-43,88,7
Benevolent River Spirit (Copy 1),50.52,51.09,47-45,92,8
"Jennika, Bad Apple Big Sister (Copy 1)",50.51,50.77,99-96,195,21
You Cannot Pass! (Copy 1),50.51,51.04,49-47,96,8
Frodo Baggins (Copy 1),50.51,51.02,50-48,98,7
Quick Draw (Copy 1),50.5,50.74,103-100,203,19
"Leader, Super-Genius (Copy 1)",50.5,50.66,154-150,304,21
Super Strength (Copy 4),50.5,100.0,1-0,1,1
"Splinter, Hamato Yoshi (Copy 1)",50.5,51.0,51-49,100,11
Jeong Jeong's Deserters (Copy 2),50.5,100.0,1-0,1,1
Giant Koi (Copy 2),50.5,100.0,1-0,1,1
Cunning Maneuver (Copy 3),50.5,100.0,1-0,1,1
Shire Terrace (Copy 2),50.5,100.0,1-0,1,1
Ultron Drone (Copy 4),50.5,100.0,1-0,1,1
Dúnedain Rangers (Copy 2),50.49,66.67,2-1,3,1
Unstable Experiment (Copy 2),50.49,66.67,2-1,3,1
Electro's Bolt (Copy 3),50.49,66.67,2-1,3,1
Undercover Skrull (Copy 4),50.49,66.67,2-1,3,1
Deceive the Messenger (Copy 2),50.48,60.0,3-2,5,2
Olog-hai Crusher (Copy 2),50.48,60.0,3-2,5,2
S.H.I.E.L.D. Flying Car (Copy 2),50.48,60.0,3-2,5,1
"Reptil, Dinomorpher (Copy 3)",50.48,60.0,3-2,5,1
Hunted Bonebrute (Copy 1),50.48,60.0,3-2,5,2
"Captain Marvel, Earth's Protector (Copy 2)",50.48,60.0,3-2,5,1
"Iron Fist, Living Weapon (Copy 4)",50.48,60.0,3-2,5,1
Wedding Ring (Copy 1),50.47,57.14,4-3,7,1
Turtle-Duck (Copy 2),50.47,57.14,4-3,7,2
Norman Osborn // Green Goblin (Copy 1),50.47,57.14,4-3,7,1
Turncoat Kunoichi (Copy 2),50.47,57.14,4-3,7,1
Archangel of Tithes (Copy 1),50.47,57.14,4-3,7,1
Agent of Atlas (Copy 4),50.47,57.14,4-3,7,1
Sterling Keykeeper (Copy 2),50.47,57.14,4-3,7,1
Daring Thunder-Thief (Copy 2),50.47,57.14,4-3,7,1
"Gisa, the Hellraiser (Copy 1)",50.47,57.14,4-3,7,1
Red Herring (Copy 1),50.46,50.66,115-112,227,17
Doors of Durin (Copy 1),50.46,55.56,5-4,9,2
Patient Naturalist (Copy 2),50.46,55.56,5-4,9,1
Ringsight (Copy 2),50.46,55.56,5-4,9,1
"Sharkey, Tyrant of the Shire (Copy 1)",50.46,55.56,5-4,9,2
Treetop Freedom Fighters (Copy 2),50.46,55.56,5-4,9,1
"Ty Lee, Artful Acrobat (Copy 1)",50.45,50.82,62-60,122,10
Cool but Rude (Copy 1),50.45,54.55,6-5,11,2
Easterling Vanguard (Copy 2),50.45,54.55,6-5,11,2
"Cloak and Dagger, Entwined (Copy 3)",50.45,54.55,6-5,11,1
Boiling Rock Rioter (Copy 1),50.45,54.55,6-5,11,1
"Chameleon, Master of Disguise (Copy 2)",50.45,54.55,6-5,11,1
Sample Collector (Copy 2),50.45,54.55,6-5,11,1
University Campus (Copy 2),50.44,53.85,7-6,13,3
Nobody (Copy 2),50.44,53.85,7-6,13,2
"Titania, Rugged Rumbler (Copy 3)",50.44,53.85,7-6,13,2
Annie Joins Up (Copy 1),50.44,53.85,7-6,13,2
Case of the Gorgon's Kiss (Copy 1),50.44,53.85,7-6,13,2
"Red Guardian, Super-Soldier (Copy 3)",50.44,53.85,7-6,13,1
"Hydro-Man, Fluid Felon (Copy 1)",50.43,52.94,9-8,17,2
Quilled Charger (Copy 1),50.43,50.77,66-64,130,13
Omni-Cheese Pizza (Copy 2),50.43,52.94,9-8,17,2
Unlicensed Hearse (Copy 1),50.43,53.33,8-7,15,2
Hide in Plain Sight (Copy 2),50.43,52.94,9-8,17,1
Training Regimen (Copy 3),50.42,52.63,10-9,19,1
Razor Rings (Copy 2),50.42,52.63,10-9,19,1
"Spider-Woman, Secret Agent (Copy 1)",50.41,50.47,323-317,640,43
"Roxanne, Starfall Savant (Copy 1)",50.41,52.17,12-11,23,3
"Captain America, Wings of Freedom (Copy 2)",50.41,52.17,12-11,23,1
Mechanized Production (Copy 1),50.41,52.38,11-10,21,1
Lumbering Laundry (Copy 1),50.41,52.17,12-11,23,2
"Lazav, Wearer of Faces (Copy 1)",50.41,52.38,11-10,21,2
"Mikey & Don, Party Planners (Copy 1)",50.41,52.17,12-11,23,2
Heroic Intervention (Copy 2),50.41,52.38,11-10,21,1
"Okoye, Dora Milaje Leader (Copy 3)",50.4,52.0,13-12,25,2
Nasty End (Copy 2),50.39,51.85,14-13,27,2
"Ozai, the Phoenix King (Copy 1)",50.39,51.85,14-13,27,2
"Stockman, Mad Fly-entist (Copy 2)",50.39,51.85,14-13,27,2
Red Herring (Copy 2),50.38,51.52,17-16,33,3
Granite Witness (Copy 1),50.38,50.62,81-79,160,13
Red Room Recruit (Copy 3),50.38,51.61,16-15,31,7
Birnin Zana Plaza (Copy 3),50.38,51.61,16-15,31,2
Fisk Tower (Copy 3),50.38,51.61,16-15,31,2
Magebane Lizard (Copy 1),50.38,51.52,17-16,33,3
"Wolverine, Best There Is (Copy 1)",50.37,51.43,18-17,35,2
Null Group Biological Assets (Copy 1),50.37,50.58,87-85,172,15
"Slash, Reptile Rampager (Copy 1)",50.37,51.43,18-17,35,3
Tundra Tank (Copy 1),50.37,51.43,18-17,35,4
Endless Detour (Copy 1),50.37,51.43,18-17,35,3
Grey Havens Navigator (Copy 1),50.36,50.56,91-89,180,15
Does Machines (Copy 1),50.36,51.35,19-18,37,3
Lost Isle Calling (Copy 1),50.36,51.35,19-18,37,2
The Astonishing Ant-Man (Copy 2),50.36,51.28,20-19,39,2
Agents of S.H.I.E.L.D. (Copy 3),50.35,51.22,21-20,41,3
The One Ring (Copy 1),50.35,51.16,22-21,43,3
Mondo Gecko (Copy 1),50.35,51.16,22-21,43,3
"Lizard, Connors's Curse (Copy 1)",50.34,51.11,23-22,45,3
Barad-dûr (Copy 1),50.34,51.11,23-22,45,3
J. Jonah Jameson (Copy 1),50.34,51.11,23-22,45,4
Yip Yip! (Copy 1),50.33,50.5,102-100,202,20
"Iron Fist, Living Weapon (Copy 3)",50.33,50.94,27-26,53,3
Spider-Man 2099 (Copy 1),50.32,50.88,29-28,57,4
"Captain America, First Avenger (Copy 1)",50.32,50.91,28-27,55,3
Exit Specialist (Copy 1),50.32,50.91,28-27,55,3
"Prowler, Clawed Thief (Copy 1)",50.31,50.82,31-30,61,6
Slickshot Show-Off (Copy 1),50.29,50.67,38-37,75,5
"Jolene, Plundering Pugilist (Copy 1)",50.28,50.65,39-38,77,7
"Bonny Pall, Clearcutter (Copy 1)",50.28,50.63,40-39,79,5
Badlands Revival (Copy 1),50.28,50.65,39-38,77,6
Krovod Haunch (Copy 1),50.28,50.63,40-39,79,6
Buzzard-Wasp Colony (Copy 1),50.28,50.63,40-39,79,5
Repulsive Mutation (Copy 1),50.26,50.55,46-45,91,7
Political Triumph (Copy 2),50.25,50.5,51-50,101,7
Agent of Atlas (Copy 3),50.25,50.5,51-50,101,7
Agent Maria Hill (Copy 2),50.24,50.46,55-54,109,7
Restorative Technique (Copy 2),50.23,50.3,170-168,338,21
Rhino's Rampage (Copy 1),50.21,50.36,69-68,137,10
Mirage Mesa (Copy 1),50.18,50.27,92-91,183,13
Mutant Chain Reaction (Copy 1),50.18,50.27,92-91,183,16
Felonious Rage (Copy 1),50.17,50.27,94-93,187,13
Snarling Warg (Copy 1),50.17,50.25,102-101,203,16
Asgardian Citadel (Copy 1),50.11,50.12,414-412,826,48
"Yellowjacket, Heartless Marauder (Copy 1)",50.05,50.06,423-422,845,51
Atlantis Attacks (Copy 2),50.0,50.0,214-214,428,31
Expedited Inheritance (Copy 1),50.0,50.0,15-15,30,2
Rakish Crew (Copy 1),50.0,50.0,54-54,108,7
Hellspur Posse Boss (Copy 1),50.0,50.0,6-6,12,1
Terminal Agony (Copy 1),50.0,50.0,21-21,42,3
Holy Cow (Copy 2),50.0,50.0,8-8,16,2
Voracious Varmint (Copy 1),50.0,50.0,109-109,218,17
Krenko's Buzzcrusher (Copy 1),50.0,50.0,20-20,40,3
Scorpion's Sting (Copy 1),50.0,50.0,108-108,216,18
Romantic Rendezvous (Copy 2),50.0,50.0,19-19,38,5
Kapow! (Copy 2),50.0,50.0,4-4,8,2
Creosote Heath (Copy 1),50.0,50.0,47-47,94,8
Frog Butler (Copy 1),50.0,50.0,65-65,130,12
Jaded Analyst (Copy 1),50.0,50.0,45-45,90,9
Faerie Snoop (Copy 1),50.0,50.0,30-30,60,6
Press the Enemy (Copy 1),50.0,50.0,20-20,40,4
Notion Thief (Copy 1),50.0,50.0,11-11,22,2
Snakeskin Veil (Copy 2),50.0,50.0,10-10,20,1
Discerning Peddler (Copy 1),50.0,50.0,90-90,180,14
Scalestorm Summoner (Copy 1),50.0,50.0,11-11,22,2
Sandstorm Verge (Copy 1),50.0,50.0,82-82,164,10
"The Balrog, Durin's Bane (Copy 1)",50.0,50.0,20-20,40,3
Pelargir Survivor (Copy 2),50.0,50.0,2-2,4,1
Voracious Fell Beast (Copy 2),50.0,50.0,2-2,4,1
Frodo Baggins (Copy 2),50.0,50.0,2-2,4,1
Fugitive Codebreaker (Copy 1),50.0,50.0,24-24,48,4
Stolen Stark Tech (Copy 4),50.0,50.0,1-1,2,1
Loki Laufeyson (Copy 2),50.0,50.0,32-32,64,6
Manhole Missile (Copy 2),50.0,50.0,3-3,6,1
Battle-Scarred Goblin (Copy 2),50.0,50.0,10-10,20,3
Failed Fording (Copy 1),50.0,50.0,81-81,162,11
Clear Shot (Copy 1),50.0,50.0,6-6,12,2
A Killer Among Us (Copy 1),50.0,50.0,22-22,44,3
Urban Retreat (Copy 1),50.0,50.0,1-1,2,1
"Donatello, Turtle Techie (Copy 2)",50.0,50.0,6-6,12,1
Foot Ninjas (Copy 2),50.0,50.0,6-6,12,1
Improvised Arsenal (Copy 1),50.0,50.0,2-2,4,1
Epic Downfall (Copy 1),50.0,50.0,28-28,56,6
"Quake, Agent of S.H.I.E.L.D. (Copy 2)",50.0,50.0,30-30,60,6
"April, Reporter of the Weird (Copy 1)",50.0,50.0,15-15,30,2
Hide in Plain Sight (Copy 1),50.0,50.0,13-13,26,2
"Thor, God of Thunder (Copy 1)",50.0,50.0,182-182,364,20
"Don & Leo, Problem Solvers (Copy 1)",50.0,50.0,6-6,12,2
Firebending Lesson (Copy 2),50.0,50.0,14-14,28,2
"Spider-Man, Web-Slinger (Copy 2)",50.0,50.0,4-4,8,2
Aang's Iceberg (Copy 1),50.0,50.0,12-12,24,4
Oliphaunt (Copy 2),50.0,50.0,7-7,14,2
Badgermole Cub (Copy 1),50.0,50.0,18-18,36,2
Knight of Wundagore (Copy 3),50.0,50.0,10-10,20,4
Mirkwood Bats (Copy 2),50.0,50.0,5-5,10,3
Final Showdown (Copy 1),50.0,50.0,3-3,6,1
King of the Oathbreakers (Copy 1),50.0,50.0,18-18,36,2
Krang & Shredder (Copy 1),50.0,50.0,21-21,42,6
Mutant Town (Copy 2),50.0,50.0,18-18,36,3
Kraven the Hunter (Copy 1),50.0,50.0,14-14,28,4
"Rat King, Verminister (Copy 1)",50.0,50.0,4-4,8,1
Sam's Desperate Rescue (Copy 2),50.0,50.0,2-2,4,1
Goldvein Hydra (Copy 2),50.0,50.0,5-5,10,1
Full Steam Ahead (Copy 2),50.0,50.0,5-5,10,1
Impostor Syndrome (Copy 1),50.0,50.0,2-2,4,2
Nasty End (Copy 3),50.0,50.0,1-1,2,1
Lothlórien Lookout (Copy 2),50.0,50.0,1-1,2,1
Soldier of the Grey Host (Copy 2),50.0,50.0,8-8,16,1
March from the Black Gate (Copy 1),50.0,50.0,16-16,32,3
Tainted Treats (Copy 2),50.0,50.0,7-7,14,2
Rebellious Captives (Copy 2),50.0,50.0,5-5,10,3
Mindslaver (Copy 1),50.0,50.0,9-9,18,2
Thunder Lasso (Copy 1),50.0,50.0,72-72,144,9
Los Diablos Missile Base (Copy 3),50.0,50.0,18-18,36,5
Rancor (Copy 1),50.0,50.0,22-22,44,2
Underground Mortuary (Copy 1),50.0,50.0,12-12,24,2
"Rakdos, the Muscle (Copy 1)",50.0,50.0,19-19,38,2
H.E.R.B.I.E. Scout Unit (Copy 4),50.0,50.0,8-8,16,1
Out Cold (Copy 2),50.0,50.0,10-10,20,2
Bruce Banner // The Incredible Hulk (Copy 2),50.0,50.0,9-9,18,1
Grey Havens Navigator (Copy 2),50.0,50.0,7-7,14,1
Doc Ock's Tentacles (Copy 1),50.0,50.0,8-8,16,2
Escape from Orthanc (Copy 2),50.0,50.0,10-10,20,1
Flexible Waterbender (Copy 2),50.0,50.0,6-6,12,1
"Toph, Hardheaded Teacher (Copy 2)",50.0,50.0,6-6,12,1
Akul the Unrepentant (Copy 1),50.0,50.0,18-18,36,4
Chrome Dome (Copy 1),50.0,50.0,17-17,34,3
Thwip! (Copy 2),50.0,50.0,13-13,26,3
Ioreth of the Healing House (Copy 2),50.0,50.0,1-1,2,1
Enraged Huorn (Copy 2),50.0,50.0,1-1,2,1
"Éowyn, Fearless Knight (Copy 2)",50.0,50.0,1-1,2,1
Siphon Insight (Copy 1),50.0,50.0,2-2,4,1
Leonin Relic-Warder (PLST) MBS-10 (Copy 1),50.0,50.0,4-4,8,2
"Spider-Woman, Secret Agent (Copy 4)",50.0,50.0,4-4,8,1
Vision Quest (Copy 2),50.0,50.0,4-4,8,1
Tom Bombadil (Copy 1),50.0,50.0,12-12,24,2
Technodrome (Copy 1),50.0,50.0,8-8,16,1
Cosmic Spider-Man (Copy 1),50.0,50.0,8-8,16,2
"Falcon, Winged Wonder (Copy 3)",50.0,50.0,7-7,14,1
Moon Girl and Devil Dinosaur (Copy 2),50.0,50.0,7-7,14,1
"Lita, Little Orphan Amphibian (Copy 2)",50.0,50.0,6-6,12,1
Powerful Broker (Copy 4),50.0,50.0,1-1,2,1
Asgardian Citadel (Copy 3),50.0,50.0,1-1,2,1
Defenestrated Phantom (Copy 2),50.0,50.0,12-12,24,2
Dependable Quinjet (Copy 3),50.0,50.0,13-13,26,2
"Gwenom, Remorseless (Copy 1)",50.0,50.0,6-6,12,1
Primordial Pachyderm (Copy 2),50.0,50.0,3-3,6,1
"Scarlet Spider, Kaine (Copy 2)",50.0,50.0,2-2,4,1
Shadow of the Goblin (Copy 2),50.0,50.0,1-1,2,1
"Shriek, Treblemaker (Copy 2)",50.0,50.0,1-1,2,1
Desert (Copy 1),50.0,50.0,14-14,28,2
"Winter Soldier, Icy Assassin (Copy 2)",50.0,50.0,5-5,10,1
Water Tribe Captain (Copy 3),50.0,50.0,1-1,2,1
Lost Days (Copy 2),50.0,50.0,1-1,2,1
"Yellowjacket, Heartless Marauder (Copy 3)",50.0,50.0,4-4,8,1
"Oroku Saki, Shredder Rising (Copy 2)",50.0,50.0,12-12,24,2
"Jennika, Bad Apple Big Sister (Copy 3)",50.0,50.0,7-7,14,2
Makeshift Binding (Copy 2),50.0,50.0,6-6,12,1
Mushroom Watchdogs (Copy 2),50.0,50.0,4-4,8,1
Cast into the Fire (Copy 2),50.0,50.0,2-2,4,1
Long List of the Ents (Copy 3),50.0,50.0,2-2,4,1
"Mister Fantastic, Reed Richards (Copy 3)",50.0,50.0,8-8,16,1
Omashu City (Copy 2),50.0,50.0,4-4,8,1
Bespoke Bō (Copy 2),50.0,50.0,4-4,8,1
Squirrelanoids (Copy 2),50.0,50.0,4-4,8,1
Anchovy & Banana Pizza (Copy 2),50.0,50.0,2-2,4,1
East Wind Avatar (Copy 2),50.0,50.0,1-1,2,1
Courier of Comestibles (Copy 2),50.0,50.0,1-1,2,1
Punk Frogs (Copy 2),50.0,50.0,1-1,2,1
Slickshot Lockpicker (Copy 2),50.0,50.0,6-6,12,1
Sandbenders' Storm (Copy 2),50.0,50.0,1-1,2,1
"Joo Dee, One of Many (Copy 2)",50.0,50.0,1-1,2,1
Super Speed (Copy 2),49.9,49.88,207-208,415,26
First-Time Flyer (Copy 1),49.87,49.82,136-137,273,23
The Vision (Copy 1),49.87,49.82,137-138,275,20
Skyward Spider (Copy 1),49.85,49.79,117-118,235,20
"Captain America, Super-Soldier (Copy 1)",49.83,49.74,96-97,193,13
Djinn of Fool's Fall (Copy 1),49.83,49.75,100-101,201,17
Flexible Waterbender (Copy 1),49.82,49.72,88-89,177,18
Ragamuffin Raptor (Copy 1),49.8,49.66,73-74,147,15
Outlaws' Fury (Copy 1),49.8,49.68,77-78,155,12
Explosive Derailment (Copy 1),49.79,49.62,66-67,133,13
Enter the Avatar State (Copy 1),49.78,49.59,61-62,123,10
"Sokka, Lateral Strategist (Copy 1)",49.78,49.61,63-64,127,10
Abraded Bluffs (Copy 1),49.78,49.61,63-64,127,8
Make Your Own Luck (Copy 1),49.77,49.59,60-61,121,9
Concealed Weapon (Copy 1),49.77,49.56,56-57,113,7
Trickster's Stratagem (Copy 3),49.76,49.52,52-53,105,9
Curious Cadaver (Copy 1),49.74,49.45,45-46,91,9
The Spirit Oasis (Copy 1),49.74,49.44,44-45,89,6
Rubblebelt Braggart (Copy 1),49.74,49.46,46-47,93,12
Forlorn Flats (Copy 1),49.73,49.43,43-44,87,8
Giant Beaver (Copy 1),49.73,49.64,137-139,276,20
Clandestine Meddler (Copy 1),49.72,49.35,38-39,77,5
Case File Auditor (Copy 1),49.71,49.32,36-37,73,5
Henchbots (Copy 1),49.71,49.3,35-36,71,7
"Pizza Face, Gastromancer (Copy 1)",49.71,49.3,35-36,71,9
At Knifepoint (Copy 1),49.71,49.32,36-37,73,4
"Beast, Erudite Aerialist (Copy 2)",49.7,49.28,34-35,69,7
Hydraulic Helper (Copy 3),49.7,49.28,34-35,69,5
Wisecrack (Copy 1),49.7,49.25,33-34,67,6
Electrodominance (Copy 1),49.7,49.25,33-34,67,6
Lessons from Life (Copy 1),49.69,49.21,31-32,63,6
Nurturing Pixie (Copy 1),49.69,49.18,30-31,61,5
Case of the Filched Falcon (Copy 1),49.68,49.12,28-29,57,5
"Mjölnir, Hammer of Thor (Copy 1)",49.68,49.54,107-109,216,14
Blazing Crescendo (Copy 2),49.67,49.61,254-258,512,37
"Zuko, Conflicted (Copy 1)",49.67,49.02,25-26,51,6
Friendly Rivalry (Copy 1),49.67,49.02,25-26,51,5
Raven of Fell Omens (Copy 1),49.66,49.48,95-97,192,15
Caustic Bronco (Copy 1),49.66,48.89,22-23,45,3
"Mysterio, Master of Illusion (Copy 1)",49.66,48.94,23-24,47,3
"Bebop, Warthog Warrior (Copy 1)",49.65,49.47,93-95,188,19
Three Steps Ahead (Copy 1),49.65,48.84,21-22,43,4
Passenger Ferry (Copy 2),49.65,48.78,20-21,41,5
Presumed Dead (Copy 1),49.64,48.65,18-19,37,4
Baxter Stockman (Copy 1),49.64,48.72,19-20,39,8
Flotsam // Jetsam (Copy 1),49.64,48.65,18-19,37,5
Eriette's Lullaby (Copy 1),49.64,49.44,88-90,178,15
Eliminate the Impossible (Copy 1),49.62,48.39,15-16,31,3
Hard Evidence (PLST) MH2-46 (Copy 1),49.62,48.48,16-17,33,2
Helicarrier Strike (Copy 2),49.61,49.51,204-208,412,27
"Stature, Size Shifter (Copy 2)",49.61,48.28,14-15,29,4
Nervous Gardener (Copy 1),49.61,49.35,76-78,154,13
Dragonfly Swarm (Copy 1),49.61,49.37,78-80,158,13
"Krang, Master Mind (Copy 1)",49.61,48.28,14-15,29,3
"She-Hulk, Jade Defender (Copy 3)",49.6,48.0,12-13,25,2
"Michelangelo, Game Master (Copy 2)",49.6,48.0,12-13,25,3
Sample Collector (Copy 1),49.6,48.0,12-13,25,4
The Battle of Bywater (Copy 1),49.6,48.0,12-13,25,2
Hot Dog Cart (Copy 2),49.59,47.62,10-11,21,2
Saved by the Shell (Copy 1),49.59,47.62,10-11,21,4
Getaway Glamer (Copy 1),49.59,49.3,70-72,142,9
"Éowyn, Fearless Knight (Copy 1)",49.59,47.83,11-12,23,2
Kree Sentinel (Copy 4),49.59,47.83,11-12,23,2
Atlantis Attacks (Copy 4),49.59,47.62,10-11,21,1
"Iron Man, Titan of Innovation (Copy 1)",49.59,47.62,10-11,21,1
Path to Redemption (Copy 2),49.58,47.37,9-10,19,2
Repulse (Copy 1),49.58,47.37,9-10,19,3
Aurelia's Vindicator (Copy 1),49.58,47.37,9-10,19,3
"Human Torch, Johnny Storm (Copy 3)",49.58,47.37,9-10,19,1
Silver Deputy (Copy 2),49.58,47.37,9-10,19,1
"Mai, Jaded Edge (Copy 1)",49.58,47.37,9-10,19,3
Grow Extra Arms (Copy 2),49.58,47.37,9-10,19,2
Concerted Effort (Copy 1),49.58,47.37,9-10,19,1
Buried in the Garden (Copy 2),49.58,47.37,9-10,19,1
"Kitsune, Dragon's Daughter (Copy 1)",49.57,46.67,7-8,15,3
Rush the Room (Copy 2),49.57,46.67,7-8,15,3
Fomori Vault (Copy 1),49.57,47.06,8-9,17,1
Null Group Biological Assets (Copy 2),49.57,47.06,8-9,17,3
Water Tribe Captain (Copy 2),49.57,46.67,7-8,15,3
Treacherous Terrain (PLST) C16-47 (Copy 1),49.57,47.06,8-9,17,1
Gearbane Orangutan (Copy 2),49.57,47.06,8-9,17,1
Detective's Satchel (Copy 2),49.57,47.06,8-9,17,1
"Fangorn, Tree Shepherd (Copy 1)",49.57,47.06,8-9,17,1
Kingpin's Enforcers (Copy 4),49.57,46.67,7-8,15,1
The Legend of Kyoshi // Avatar Kyoshi (Copy 1),49.56,46.15,6-7,13,1
"Sméagol, Helpful Guide (Copy 2)",49.56,46.15,6-7,13,1
Wizard's Rockets (Copy 2),49.56,46.15,6-7,13,1
Crowd of True Believers (Copy 3),49.56,49.21,62-64,126,11
Madame Masque (Copy 3),49.56,46.15,6-7,13,1
Crimson Operative (Copy 4),49.56,46.15,6-7,13,2
Call Damage Control (Copy 4),49.56,46.15,6-7,13,1
Intrepid Stablemaster (Copy 2),49.56,46.15,6-7,13,2
Thunder Salvo (Copy 2),49.56,46.15,6-7,13,1
Skateboard (Copy 2),49.56,46.15,6-7,13,1
Gimli's Fury (Copy 2),49.55,45.45,5-6,11,1
Galadhrim Bow (Copy 2),49.55,45.45,5-6,11,1
Flying Octobot (Copy 1),49.54,49.14,57-59,116,11
Fancy Footwork (Copy 2),49.54,44.44,4-5,9,1
Benevolent River Spirit (Copy 2),49.54,44.44,4-5,9,1
Mongoose Lizard (Copy 2),49.54,44.44,4-5,9,1
Rocky Rebuke (Copy 2),49.54,44.44,4-5,9,1
Morbid Opportunist (Copy 1),49.54,44.44,4-5,9,2
"Abomination, Terrifying Titan (Copy 3)",49.54,44.44,4-5,9,1
Armored Armadillo (Copy 2),49.54,44.44,4-5,9,1
Take the Fall (Copy 2),49.54,44.44,4-5,9,1
Back for More (Copy 2),49.54,44.44,4-5,9,1
Aang's Journey (Copy 2),49.54,44.44,4-5,9,1
Mine Raider (Copy 2),49.54,44.44,4-5,9,1
Smuggler's Surprise (Copy 1),49.54,44.44,4-5,9,1
Not on My Watch (Copy 1),49.53,49.12,56-58,114,9
Discerning Peddler (Copy 2),49.53,42.86,3-4,7,1
Rhino's Rampage (Copy 2),49.53,42.86,3-4,7,1
"Night Nurse, Healer of Heroes (Copy 3)",49.53,42.86,3-4,7,1
"Patriot, Shield Wielder (Copy 1)",49.52,49.46,412-421,833,51
Savage Land Dinosaur (Copy 2),49.52,49.41,208-213,421,27
Kree Commandos (Copy 5),49.52,40.0,2-3,5,1
Gandalf's Sanction (Copy 2),49.52,40.0,2-3,5,1
Earth Kingdom General (Copy 1),49.52,49.09,54-56,110,8
Mouser Attack! (Copy 3),49.52,40.0,2-3,5,1
Guy in the Chair (Copy 2),49.52,40.0,2-3,5,1
"Doctor Octopus, Master Planner (Copy 1)",49.52,40.0,2-3,5,1
Rent Is Due (Copy 1),49.52,40.0,2-3,5,2
Frozen in Ice (Copy 4),49.52,40.0,2-3,5,1
How to Start a Riot (Copy 2),49.52,40.0,2-3,5,1
Sun Warriors (Copy 2),49.52,40.0,2-3,5,1
Canyon Crawler (Copy 3),49.52,40.0,2-3,5,1
Wandering Musicians (Copy 3),49.52,40.0,2-3,5,1
Consign // Oblivion (PLST) HOU-149 (Copy 1),49.52,40.0,2-3,5,1
Steamcore Scholar (Copy 1),49.52,40.0,2-3,5,1
Mountain (Copy 7),49.52,40.0,2-3,5,1
Dragonfly Swarm (Copy 2),49.52,40.0,2-3,5,1
Scroll of Isildur (Copy 2),49.51,33.33,1-2,3,1
Bag End Porter (Copy 3),49.51,33.33,1-2,3,1
Price of Freedom (Copy 2),49.51,33.33,1-2,3,1
Rot Farm Mortipede (Copy 2),49.51,33.33,1-2,3,1
Gadget Technician (Copy 2),49.51,33.33,1-2,3,1
Worlds Within Worlds (Copy 2),49.51,33.33,1-2,3,1
Rising of the Day (Copy 1),49.5,49.02,50-52,102,10
Topiary Panther (Copy 3),49.5,0.0,0-1,1,1
Meddling Youths (Copy 2),49.5,0.0,0-1,1,1
Trickster's Stratagem (Copy 4),49.5,0.0,0-1,1,1
Forest (Copy 7),49.5,0.0,0-1,1,1
Doppelgang (Copy 1),49.5,0.0,0-1,1,1
Galadhrim Guide (Copy 2),49.5,0.0,0-1,1,1
Swamp (Copy 8),49.5,0.0,0-1,1,1
Mysterio's Phantasm (Copy 2),49.5,0.0,0-1,1,1
Abandon Attachments (Copy 2),49.5,0.0,0-1,1,1
Esoteric Duplicator (Copy 1),49.5,0.0,0-1,1,1
Foggy Swamp Visions (Copy 2),49.5,0.0,0-1,1,1
Laughing Jasper Flint (Copy 1),49.5,0.0,0-1,1,1
Neighborhood Guardian (Copy 3),49.5,0.0,0-1,1,1
"Flash Thompson, Spider-Fan (Copy 2)",49.5,0.0,0-1,1,1
Saruman's Trickery (Copy 2),49.5,0.0,0-1,1,1
Failed Fording (Copy 2),49.5,0.0,0-1,1,1
Loki Laufeyson (Copy 3),49.5,0.0,0-1,1,1
Defenestrated Phantom (Copy 3),49.5,0.0,0-1,1,1
Hedge Whisperer (Copy 2),49.5,0.0,0-1,1,1
Case of the Trampled Garden (Copy 2),49.5,0.0,0-1,1,1
Rakish Scoundrel (Copy 2),49.5,0.0,0-1,1,1
Plains (Copy 6),49.5,0.0,0-1,1,1
Ithilien Kingfisher (Copy 3),49.5,0.0,0-1,1,1
Secret of Bloodbending (Copy 1),49.5,0.0,0-1,1,1
Lassoed by the Law (Copy 2),49.5,0.0,0-1,1,1
Insatiable Avarice (Copy 1),49.5,0.0,0-1,1,1
Doc Ock's Henchmen (Copy 4),49.5,0.0,0-1,1,1
"Scorpion, Seething Striker (Copy 2)",49.5,0.0,0-1,1,1
Taxi Driver (Copy 3),49.5,0.0,0-1,1,1
"Suki, Kyoshi Warrior (Copy 2)",49.5,0.0,0-1,1,1
Dark Deed (Copy 3),49.5,0.0,0-1,1,1
The Mind Stone (Copy 2),49.5,0.0,0-1,1,1
Pym Technologies (Copy 3),49.5,0.0,0-1,1,1
"Spider-Slayer, Hatred Honed (Copy 2)",49.5,0.0,0-1,1,1
Outlaw Medic (Copy 2),49.5,0.0,0-1,1,1
Molten Duplication (Copy 1),49.5,0.0,0-1,1,1
"Monica Rambeau // Photon, Living Light (Copy 2)",49.5,0.0,0-1,1,1
Vengeful Townsfolk (Copy 1),49.49,49.22,95-98,193,17
Earth Rumble (Copy 1),49.49,48.96,47-49,96,7
Nasty End (Copy 1),49.49,49.23,96-99,195,14
Wrangler of the Damned (Copy 1),49.48,48.91,45-47,92,8
Lush Oasis (Copy 1),49.48,48.94,46-48,94,11
Wakandan Royal Guard (Copy 3),49.47,48.89,44-46,90,6
North Pole Gates (Copy 1),49.46,48.84,42-44,86,8
"Michelangelo, Mutant BFF (Copy 1)",49.46,48.84,42-44,86,8
Negate (Copy 1),49.45,48.78,40-42,82,13
Loxodon Eavesdropper (Copy 1),49.42,48.61,35-37,72,6
Tenth District Hero (Copy 1),49.42,48.61,35-37,72,4
Vibrant Cityscape (Copy 1),49.4,48.99,73-76,149,12
Dimensional Exile (Copy 1),49.4,48.48,32-34,66,7
Long List of the Ents (Copy 1),49.4,48.48,32-34,66,4
Unfortunate Accident (Copy 1),49.4,48.53,33-35,68,4
Glorious Gale (Copy 1),49.39,48.44,31-33,64,7
"Faramir, Field Commander (Copy 1)",49.39,48.97,71-74,145,10
Rabaroo Troop (Copy 1),49.38,49.09,108-112,220,19
Robotics Mastery (Copy 1),49.37,48.92,68-71,139,10
Maximum Carnage (Copy 1),49.37,48.28,28-30,58,5
"Bumi, King of Three Trials (Copy 1)",49.35,48.15,26-28,54,4
Massacre Girl (Copy 1),49.35,48.15,26-28,54,3
The Ruinous Wrecking Crew (Copy 2),49.35,48.15,26-28,54,6
Fire Nation Engineer (Copy 1),49.34,48.08,25-27,52,4
Fated Firepower (Copy 1),49.34,48.08,25-27,52,4
True Ancestry (Copy 1),49.32,48.76,59-62,121,10
Burden of Proof (Copy 1),49.32,47.83,22-24,46,3
"Spider-Man, To the Rescue (Copy 1)",49.32,49.24,454-468,922,59
Slime Against Humanity (Copy 1),49.32,48.97,95-99,194,16
"Lord Dregg, Insect Invader (Copy 1)",49.32,47.92,23-25,48,7
The Key to the Vault (Copy 1),49.32,47.92,23-25,48,3
"Shang-Chi, Master of Kung Fu (Copy 1)",49.31,48.95,93-97,190,11
Commandeer (Copy 1),49.3,47.62,20-22,42,4
"The Gitrog, Ravenous Ride (Copy 1)",49.28,47.37,18-20,38,4
"Grishnákh, Brash Instigator (Copy 1)",49.28,47.37,18-20,38,3
Master Piandao (Copy 1),49.28,47.37,18-20,38,5
Blood Hustler (Copy 1),49.26,47.22,17-19,36,4
Take the Fall (Copy 1),49.26,48.54,50-53,103,10
"Pippin, Guard of the Citadel (Copy 1)",49.26,47.22,17-19,36,4
Pitiless Carnage (Copy 1),49.26,47.22,17-19,36,2
Buzz Bots (Copy 2),49.24,46.88,15-17,32,2
Galadhrim Guide (Copy 1),49.23,48.88,109-114,223,19
Waterbending Scroll (Copy 1),49.23,46.67,14-16,30,4
Decimate (Copy 1),49.23,46.67,14-16,30,3
"Iron Lad, Diverging Destiny (Copy 2)",49.21,46.15,12-14,26,3
"Ezrim, Agency Chief (Copy 1)",49.19,45.83,11-13,24,3
Earth Kingdom Soldier (Copy 2),49.19,45.83,11-13,24,3
"Faramir, Prince of Ithilien (Copy 1)",49.19,45.83,11-13,24,2
Analyze the Pollen (Copy 1),49.19,45.83,11-13,24,2
Shelob's Ambush (Copy 2),49.18,45.45,10-12,22,2
Took Reaper (Copy 2),49.18,45.45,10-12,22,3
Branch of Vitu-Ghazi (Copy 1),49.18,48.19,40-43,83,6
On the Job (Copy 2),49.17,45.0,9-11,20,2
Frozen in Ice (Copy 3),49.17,48.15,39-42,81,8
"SP//dr, Piloted by Peni (Copy 2)",49.17,45.0,9-11,20,3
Grindstone (Copy 1),49.17,45.0,9-11,20,1
Combine Chrysalis (PLST) MH2-191 (Copy 1),49.17,45.0,9-11,20,1
"Etrata, Deadly Fugitive (Copy 1)",49.17,45.0,9-11,20,1
Razzle-Dazzler (Copy 1),49.16,48.83,125-131,256,19
"Spiders-Man, Heroic Horde (Copy 1)",49.15,48.51,65-69,134,10
Honest Rutstein (Copy 1),49.15,48.05,37-40,77,8
The Unbeatable Squirrel Girl (Copy 2),49.14,43.75,7-9,16,2
Obsessive Pursuit (Copy 1),49.14,43.75,7-9,16,2
Collector's Cage (Copy 1),49.14,43.75,7-9,16,1
Dai Li Agents (Copy 1),49.13,47.95,35-38,73,6
Call Damage Control (Copy 2),49.12,48.9,200-209,409,31
Duelist of the Mind (Copy 1),49.12,42.86,6-8,14,2
Airtight Alibi (Copy 1),49.12,48.75,117-123,240,19
The Death of Gwen Stacy (Copy 1),49.12,42.86,6-8,14,2
Archdruid's Charm (Copy 1),49.12,42.86,6-8,14,2
Gadget Technician (Copy 1),49.12,48.41,61-65,126,11
Earth Village Ruffians (Copy 2),49.12,42.86,6-8,14,1
A.I.M. Synthoids (Copy 4),49.11,41.67,5-7,12,2
"Reptil, Dinomorpher (Copy 2)",49.11,47.83,33-36,69,7
City Pigeon (Copy 2),49.11,41.67,5-7,12,3
Dreadful as the Storm (Copy 2),49.11,41.67,5-7,12,1
Isildur's Fateful Strike (Copy 1),49.11,41.67,5-7,12,1
Transdimensional Bovine (Copy 2),49.11,41.67,5-7,12,1
Futurist Forge (Copy 4),49.11,41.67,5-7,12,1
Illegitimate Business (Copy 1),49.1,48.59,86-91,177,18
Old Man Willow (Copy 1),49.09,47.69,31-34,65,5
Vein Ripper (Copy 1),49.09,40.0,4-6,10,1
"Echo, Perceptive Prodigy (Copy 3)",49.09,40.0,4-6,10,2
Brazen Borrower // Petty Theft (Copy 1),49.09,40.0,4-6,10,2
Venomized Cat (Copy 2),49.09,40.0,4-6,10,2
Professional Wrestler (Copy 2),49.09,40.0,4-6,10,2
Daily Bugle Reporters (Copy 2),49.09,40.0,4-6,10,1
Cycle of Renewal (Copy 1),49.08,48.31,57-61,118,9
Gravestone Strider (Copy 1),49.08,48.55,84-89,173,13
Firebender Ascension (Copy 1),49.08,47.62,30-33,63,5
Makeshift Binding (Copy 1),49.08,48.31,57-61,118,10
Mirrormere Guardian (Copy 1),49.07,48.65,108-114,222,15
"Gollum, Patient Plotter (Copy 1)",49.07,48.25,55-59,114,11
Guac & Marshmallow Pizza (Copy 2),49.07,37.5,3-5,8,2
Stomped by the Foot (Copy 2),49.07,37.5,3-5,8,1
Slithering Cryptid (Copy 2),49.07,37.5,3-5,8,1
I Am Iron Man (Copy 4),49.07,37.5,3-5,8,1
Ranger-Captain of Eos (PLST) MH1-21 (Copy 1),49.07,37.5,3-5,8,1
Plains (Copy 5),49.07,37.5,3-5,8,1
Crustacean Commando (Copy 2),49.07,37.5,3-5,8,1
Utrom Scientists (Copy 2),49.07,37.5,3-5,8,1
Soul Enervation (Copy 1),49.07,37.5,3-5,8,1
Inventive Wingsmith (Copy 2),49.07,37.5,3-5,8,1
Jennifer Walters // The Sensational She-Hulk (Copy 1),49.06,48.64,107-113,220,12
Turtles Forever (Copy 1),49.06,33.33,2-4,6,3
Foggy Swamp Hunters (Copy 2),49.06,33.33,2-4,6,1
Arwen's Gift (Copy 2),49.06,33.33,2-4,6,2
Willow-Wind (Copy 2),49.06,33.33,2-4,6,2
"Annie Flash, the Veteran (Copy 1)",49.06,33.33,2-4,6,1
The Super Hero Civil War (Copy 2),49.06,33.33,2-4,6,1
Long List of the Ents (Copy 2),49.06,33.33,2-4,6,1
Mountain (Copy 6),49.06,33.33,2-4,6,1
"Swordsman, Sharp Scoundrel (Copy 3)",49.04,25.0,1-3,4,2
Volcanic Villain (Copy 5),49.04,25.0,1-3,4,1
Eastfarthing Farmer (Copy 2),49.04,25.0,1-3,4,1
Panther Pounce (Copy 3),49.04,25.0,1-3,4,1
Repeat Offender (Copy 2),49.04,25.0,1-3,4,1
Return to the Sewers (Copy 2),49.04,25.0,1-3,4,1
Costume Closet (Copy 2),49.04,25.0,1-3,4,1
Common Crook (Copy 3),49.04,25.0,1-3,4,1
Heartless Act (Copy 2),49.04,25.0,1-3,4,1
"Night Nurse, Healer of Heroes (Copy 1)",49.03,48.92,429-448,877,55
Mysterio's Phantasm (Copy 1),49.02,48.7,150-158,308,28
Behind the Mask (Copy 2),49.02,0.0,0-2,2,1
Tunnel Tipster (Copy 3),49.02,0.0,0-2,2,1
Rune-Brand Juggler (Copy 2),49.02,0.0,0-2,2,1
Falcon's Wing Harness (Copy 2),49.02,47.17,25-28,53,4
Stegron the Dinosaur Man (Copy 3),49.02,0.0,0-2,2,1
Web Up (Copy 4),49.02,0.0,0-2,2,1
Photon Blast Barrage (Copy 3),49.02,0.0,0-2,2,1
Hobbit's Sting (Copy 3),49.02,0.0,0-2,2,1
Oliphaunt (Copy 3),49.02,0.0,0-2,2,1
Many Partings (Copy 2),49.02,0.0,0-2,2,1
Rise of the Witch-king (Copy 2),49.02,0.0,0-2,2,1
Skulduggery (Copy 2),49.02,0.0,0-2,2,1
"Justice, Vance Astrovik (Copy 3)",49.02,0.0,0-2,2,1
Swamp (Copy 7),49.02,0.0,0-2,2,1
"Michelangelo, Game Master (Copy 3)",49.02,0.0,0-2,2,1
New Generation's Technique (Copy 2),49.02,0.0,0-2,2,1
Axebane Ferox (Copy 1),49.02,0.0,0-2,2,1
Take Up the Shield (Copy 4),49.02,0.0,0-2,2,1
Sinister Hideout (Copy 2),49.02,0.0,0-2,2,1
Long Goodbye (Copy 2),49.02,0.0,0-2,2,1
"Tolsimir, Midnight's Light (Copy 2)",49.02,0.0,0-2,2,1
Elven Farsight (Copy 2),49.02,0.0,0-2,2,2
Airbending Lesson (Copy 2),49.02,0.0,0-2,2,1
Blazing Crescendo (Copy 4),49.02,0.0,0-2,2,1
Razor Rings (Copy 3),49.02,0.0,0-2,2,1
Avengers Tower (Copy 3),49.02,0.0,0-2,2,1
Case of the Uneaten Feast (Copy 1),49.02,0.0,0-2,2,1
World War Hulk (Copy 2),49.02,0.0,0-2,2,1
Armor Wars (Copy 2),49.02,0.0,0-2,2,1
Erebor Flamesmith (Copy 1),49.0,48.34,73-78,151,12
"Baron Strucker, HYDRA Overlord (Copy 2)",49.0,48.0,48-52,100,9
Ankle Biter (Copy 1),48.99,48.47,95-101,196,14
Convenient Target (Copy 1),48.99,46.94,23-26,49,5
"Mauhúr, Uruk-hai Captain (Copy 1)",48.99,46.94,23-26,49,6
"Tombstone, Career Criminal (Copy 1)",48.99,47.96,47-51,98,10
"Iron Fist, Living Weapon (Copy 2)",48.98,48.28,70-75,145,9
The Ooze (Copy 1),48.98,46.81,22-25,47,5
Humiliate (Copy 1),48.97,46.67,21-24,45,6
Sheriff of Safe Passage (Copy 1),48.97,47.87,45-49,94,9
"Shagrat, Loot Bearer (Copy 1)",48.95,46.51,20-23,43,3
Museum Nightwatch (Copy 1),48.94,48.37,89-95,184,14
Relentless Rohirrim (Copy 1),48.94,48.37,89-95,184,16
"Klaw, Sonic Subjugator (Copy 2)",48.94,46.34,19-22,41,4
Auspicious Arrival (Copy 1),48.92,48.44,109-116,225,17
Water Tribe Rallier (Copy 1),48.92,46.15,18-21,39,5
Mighty Mutanimals (Copy 1),48.92,47.67,41-45,86,9
Gift of Strands (Copy 1),48.92,46.15,18-21,39,3
Colossal Rattlewurm (Copy 1),48.92,46.15,18-21,39,2
"Gandalf, Friend of the Shire (Copy 1)",48.92,46.15,18-21,39,4
Ultimate Green Goblin (Copy 1),48.91,45.95,17-20,37,3
Foot Headquarters (Copy 1),48.9,48.39,105-112,217,21
Guac & Marshmallow Pizza (Copy 1),48.9,48.26,83-89,172,16
H.E.R.B.I.E. Scout Unit (Copy 1),48.88,48.81,821-861,1682,98
Spider-Sense (Copy 1),48.88,47.44,37-41,78,5
Spicy Oatmeal Pizza (Copy 1),48.88,47.44,37-41,78,7
Reconnaissance Mission (Copy 1),48.87,45.45,15-18,33,2
Horn of Greed (Copy 1),48.87,45.45,15-18,33,2
Cryptex (Copy 1),48.87,45.45,15-18,33,2
Meticulous Archive (Copy 1),48.87,45.45,15-18,33,2
"Captain America, Living Legend (Copy 1)",48.86,48.72,401-422,823,50
"Black Panther, Vanguard (Copy 2)",48.86,47.37,36-40,76,5
"Avatar Aang // Aang, Master of Elements (Copy 1)",48.85,45.16,14-17,31,3
Persuasive Interrogators (Copy 1),48.85,45.16,14-17,31,3
Neighborhood Guardian (Copy 1),48.85,47.3,35-39,74,6
Ent-Draught Basin (Copy 1),48.85,45.16,14-17,31,4
Fugitive Droid (Copy 1),48.85,45.16,14-17,31,3
Super Speed (Copy 3),48.85,47.3,35-39,74,8
"Obeka, Splitter of Seconds (Copy 1)",48.85,45.16,14-17,31,3
Airship Engine Room (Copy 1),48.84,47.22,34-38,72,7
Fall of Cair Andros (Copy 1),48.84,44.83,13-16,29,2
Ember Island Production (Copy 1),48.82,47.14,33-37,70,5
"Spider-Man, To the Rescue (Copy 2)",48.82,47.14,33-37,70,5
Robot Domination (Copy 2),48.82,47.14,33-37,70,6
Horn of the Mark (Copy 1),48.82,47.14,33-37,70,5
Madame Masque (Copy 1),48.8,48.67,439-463,902,51
"Madame Null, Power Broker (Copy 1)",48.8,44.0,11-14,25,4
Airbender's Reversal (Copy 1),48.8,46.97,31-35,66,7
"Donatello, Turtle Techie (Copy 1)",48.79,47.66,51-56,107,10
Rumble Arena (Copy 1),48.78,47.95,70-76,146,12
Sandbender Scavengers (Copy 1),48.78,43.48,10-13,23,2
Shock (Copy 2),48.77,46.77,29-33,62,7
Sanitation Automaton (Copy 1),48.76,47.52,48-53,101,8
Mourner's Surprise (Copy 2),48.76,42.86,9-12,21,2
Turtles in Time (Copy 1),48.76,42.86,9-12,21,2
"Scarlet Spider, Ben Reilly (Copy 1)",48.75,46.67,28-32,60,6
Foggy Bottom Swamp (Copy 1),48.75,47.86,67-73,140,10
Super Strength (Copy 1),48.74,48.65,702-741,1443,88
Assimilation Aegis (Copy 1),48.74,42.11,8-11,19,1
"Swordsman, Sharp Scoundrel (Copy 2)",48.74,47.47,47-52,99,9
Counterspell (Copy 1),48.74,42.11,8-11,19,1
Rope (Copy 1),48.74,42.11,8-11,19,1
"The Spot, Living Portal (Copy 1)",48.74,42.11,8-11,19,1
The Rise of Sozin // Fire Lord Sozin (Copy 2),48.74,42.11,8-11,19,1
A.I.M. Labs (Copy 3),48.74,42.11,8-11,19,1
Desertion (Copy 1),48.74,42.11,8-11,19,1
Shifting Grift (Copy 1),48.73,47.79,65-71,136,12
Sword of Fire and Ice (Copy 1),48.72,41.18,7-10,17,2
Earth Rumble Wrestlers (Copy 1),48.72,48.11,102-110,212,16
Azula Always Lies (Copy 1),48.72,47.98,83-90,173,18
Bag End Porter (Copy 2),48.72,41.18,7-10,17,2
Radioactive Spider (Copy 1),48.72,41.18,7-10,17,4
The Shire (Copy 1),48.72,41.18,7-10,17,2
Waterbending Lesson (Copy 2),48.72,41.18,7-10,17,1
"Ezekiel Sims, Spider-Totem (Copy 2)",48.72,41.18,7-10,17,1
"Hawkeye, Young Avenger (Copy 1)",48.7,48.54,399-423,822,52
Atlantis Attacks (Copy 1),48.7,48.62,774-818,1592,96
Soothing of Sméagol (Copy 1),48.7,48.16,118-127,245,17
Rabaroo Troop (Copy 2),48.7,40.0,6-9,15,3
Aerial Doombot (Copy 3),48.7,46.3,25-29,54,3
High-Flying Ace (Copy 2),48.7,40.0,6-9,15,2
Weather Maker (Copy 1),48.7,40.0,6-9,15,2
"Teysa, Opulent Oligarch (Copy 1)",48.69,47.25,43-48,91,6
Fire Nation Warship (Copy 1),48.68,47.19,42-47,89,7
Toxin Analysis (Copy 2),48.67,38.46,5-8,13,2
Inside Source (Copy 2),48.67,38.46,5-8,13,1
Ent's Fury (Copy 2),48.67,38.46,5-8,13,2
Insectoid Exterminator (Copy 2),48.67,38.46,5-8,13,2
Unyielding Gatekeeper (Copy 1),48.67,38.46,5-8,13,1
Crimestopper Sprite (Copy 2),48.67,38.46,5-8,13,1
Glint Weaver (Copy 2),48.67,38.46,5-8,13,1
Port Razer (Copy 1),48.67,38.46,5-8,13,1
Akul the Unrepentant (Copy 2),48.67,38.46,5-8,13,1
Hide on the Ceiling (Copy 1),48.67,38.46,5-8,13,2
"Justice, Vance Astrovik (Copy 1)",48.66,48.5,405-430,835,55
Lassoed by the Law (Copy 1),48.66,47.58,59-65,124,9
Geyser Drake (Copy 1),48.65,47.8,76-83,159,12
Bitter Downfall (Copy 1),48.65,45.83,22-26,48,4
Tumbleweed Rising (Copy 1),48.65,47.54,58-64,122,9
Gleaming Geardrake (Copy 1),48.65,45.83,22-26,48,4
Amazing Acrobatics (Copy 2),48.65,36.36,4-7,11,2
Mordor Muster (Copy 1),48.64,47.5,57-63,120,11
Relive the Past (Copy 1),48.63,45.65,21-25,46,4
"Zhao, the Moon Slayer (Copy 1)",48.63,45.65,21-25,46,5
Full Steam Ahead (Copy 1),48.62,46.91,38-43,81,5
It'll Quench Ya! (Copy 1),48.62,48.02,109-118,227,19
Voracious Fell Beast (Copy 1),48.62,46.91,38-43,81,8
"Speedball, New Warrior (Copy 3)",48.62,33.33,3-6,9,1
"Ares, God of War (Copy 2)",48.62,33.33,3-6,9,1
"Vannifar, Evolved Enigma (MKM) 323z (Copy 1)",48.62,33.33,3-6,9,1
Harried Dronesmith (Copy 2),48.62,33.33,3-6,9,1
Corrupted Conviction (Copy 2),48.62,33.33,3-6,9,2
Shelob's Ambush (Copy 1),48.61,47.87,90-98,188,17
"Karai, Future of the Foot (Copy 1)",48.61,45.45,20-24,44,4
Roxxon Brutes (Copy 3),48.61,45.45,20-24,44,3
Orcish Bowmasters (Copy 1),48.6,28.57,2-5,7,2
Cruel Alliance (Copy 4),48.6,28.57,2-5,7,1
Borne Upon a Wind (Copy 1),48.6,28.57,2-5,7,1
Sterling Hound (Copy 2),48.6,28.57,2-5,7,1
Krosan Tusker (PLST) ONS-272 (Copy 1),48.6,28.57,2-5,7,1
Prince Imrahil the Fair (Copy 2),48.6,28.57,2-5,7,1
Rodeo Pyromancers (Copy 2),48.6,28.57,2-5,7,2
Fire Nation Cadets (Copy 2),48.6,28.57,2-5,7,1
"Toph, the First Metalbender (Copy 2)",48.6,28.57,2-5,7,1
Fleeting Reflection (Copy 1),48.59,45.24,19-23,42,4
Roxxon Brutes (Copy 1),48.58,48.48,684-727,1411,89
Seize the Secrets (Copy 1),48.57,46.67,35-40,75,8
Costume Closet (Copy 1),48.57,47.59,69-76,145,13
Mind Transfer Protocol (Copy 1),48.57,47.27,52-58,110,14
"Jennika, Bad Apple Big Sister (Copy 2)",48.57,45.0,18-22,40,4
Cold Case Cracker (Copy 1),48.57,47.59,69-76,145,12
"Swarm, Being of Bees (Copy 2)",48.57,20.0,1-4,5,2
Vision of Love (Copy 3),48.57,46.67,35-40,75,6
Kyoshi Battle Fan (Copy 2),48.57,20.0,1-4,5,1
Doc Ock's Henchmen (Copy 3),48.57,20.0,1-4,5,1
Festerleech (Copy 1),48.56,47.22,51-57,108,9
Canyon Crab (Copy 1),48.55,46.58,34-39,73,6
Mountain (Copy 3),48.54,48.16,183-197,380,32
University Campus (Copy 1),48.54,47.85,100-109,209,15
S.H.I.E.L.D. Spy Kit (Copy 4),48.54,0.0,0-3,3,1
Agent Phil Coulson (Copy 2),48.54,0.0,0-3,3,1
White Lotus Tile (Copy 1),48.54,0.0,0-3,3,1
Consuming Ashes (Copy 3),48.54,0.0,0-3,3,1
Forest (Copy 6),48.54,0.0,0-3,3,1
Isolation at Orthanc (Copy 4),48.54,0.0,0-3,3,1
Troll of Khazad-dûm (Copy 2),48.54,0.0,0-3,3,1
Subterranean Cavern (Copy 3),48.54,0.0,0-3,3,1
Yip Yip! (Copy 2),48.54,0.0,0-3,3,1
Air Nomad Legacy (Copy 2),48.54,0.0,0-3,3,1
Rumble Arena (Copy 3),48.54,0.0,0-3,3,1
"Flopsie, Bumi's Buddy (Copy 2)",48.54,0.0,0-3,3,1
Leyline Binding (Copy 1),48.54,0.0,0-3,3,1
Mutant Town Musicians (Copy 4),48.54,0.0,0-3,3,1
Bot Bashing Time (Copy 2),48.54,0.0,0-3,3,1
Novel Nunchaku (Copy 2),48.54,0.0,0-3,3,1
Eerie Gravestone (Copy 2),48.54,0.0,0-3,3,1
Brave Brawler (Copy 5),48.54,0.0,0-3,3,1
Vision of Love (Copy 4),48.54,0.0,0-3,3,1
Force of Negation (Copy 1),48.54,0.0,0-3,3,1
Swampsnare Trap (Copy 2),48.54,0.0,0-3,3,1
"Niv-Mizzet, Guildpact (Copy 1)",48.53,44.44,16-20,36,3
Knife (Copy 1),48.53,44.44,16-20,36,4
Giant Growth (Copy 3),48.52,46.38,32-37,69,8
"Vial Smasher, Gleeful Grenadier (Copy 1)",48.52,46.38,32-37,69,6
Terror of the Peaks (Copy 1),48.52,46.38,32-37,69,5
Fake Your Own Death (Copy 1),48.51,47.41,64-71,135,9
Stop Cold (Copy 1),48.51,47.78,97-106,203,16
Decoy Ploy (Copy 2),48.51,48.06,161-174,335,25
Chalk Outline (Copy 1),48.51,44.12,15-19,34,2
Iroh's Demonstration (Copy 1),48.5,47.37,63-70,133,9
Mirkwood Spider (Copy 1),48.5,47.59,79-87,166,12
"Satoru, the Infiltrator (Copy 1)",48.5,46.27,31-36,67,5
Fire Sages (Copy 1),48.48,47.33,62-69,131,10
"Black Cat, Cunning Thief (Copy 1)",48.48,43.75,14-18,32,3
Aang's Journey (Copy 1),48.48,47.81,109-119,228,21
Dawn of a New Age (LTR) 731z (Copy 1),48.48,43.75,14-18,32,2
Slimy Dualleech (Copy 1),48.48,43.75,14-18,32,2
Rambling Possum (Copy 1),48.47,46.88,45-51,96,9
Lush Portico (Copy 1),48.47,46.03,29-34,63,4
Vengeful Tracker (Copy 1),48.47,46.03,29-34,63,4
Fury of the Horde (Copy 1),48.46,43.33,13-17,30,2
Fire Nation Cadets (Copy 1),48.45,47.75,106-116,222,19
Vision Quest (Copy 1),48.44,47.89,136-148,284,19
Glider Staff (Copy 1),48.44,46.74,43-49,92,9
Nimble Brigand (Copy 1),48.43,45.76,27-32,59,4
"Scarlet Spider, Kaine (Copy 1)",48.42,47.11,57-64,121,14
Electro's Bolt (Copy 2),48.41,42.31,11-15,26,3
Make Your Move (Copy 1),48.41,47.77,118-129,247,28
Villainous Wrath (Copy 1),48.41,42.31,11-15,26,2
Great Hall of the Citadel (Copy 1),48.4,47.51,86-95,181,13
Leonardo's Technique (Copy 1),48.39,41.67,10-14,24,2
World War Hulk (Copy 1),48.38,48.0,204-221,425,26
Vault Plunderer (Copy 1),48.37,46.43,39-45,84,10
"Oroku Saki, Shredder Rising (Copy 1)",48.36,46.9,53-60,113,12
A.I.M. Scientists (Copy 3),48.36,46.9,53-60,113,10
Octopus Form (Copy 1),48.36,47.66,112-123,235,20
Too Evil to Stay Dead (Copy 2),48.36,40.91,9-13,22,3
"Azula, Cunning Usurper (Copy 1)",48.36,40.91,9-13,22,3
They Went This Way (Copy 2),48.36,40.91,9-13,22,2
"Cloak and Dagger, Entwined (Copy 2)",48.36,40.91,9-13,22,2
Earth Kingdom Jailer (Copy 1),48.34,45.1,23-28,51,4
Leering Onlooker (Copy 1),48.34,45.1,23-28,51,4
Bridled Bighorn (Copy 1),48.33,47.34,80-89,169,14
Ice Cream Kitty (Copy 1),48.33,47.34,80-89,169,18
"Bilbo, Retired Burglar (Copy 1)",48.33,47.14,66-74,140,13
Lórien Revealed (Copy 1),48.33,47.5,95-105,200,17
Stop Cold (Copy 2),48.33,40.0,8-12,20,2
Lothlórien Lookout (Copy 1),48.33,46.25,37-43,80,8
Canyon Crawler (Copy 2),48.33,40.0,8-12,20,3
Baron Helmut Zemo (Copy 1),48.33,47.6,109-120,229,18
The Clone Saga (Copy 1),48.33,40.0,8-12,20,2
"Venom, Evil Unleashed (Copy 2)",48.33,40.0,8-12,20,2
"Nick Fury, Agent of S.H.I.E.L.D. (Copy 1)",48.32,47.91,195-212,407,27
"Glóin, Dwarf Emissary (Copy 1)",48.32,44.9,22-27,49,3
Earth King's Lieutenant (Copy 1),48.32,44.9,22-27,49,5
Fight to the Death (Copy 1),48.31,38.89,7-11,18,1
Inner Demons Gangsters (Copy 2),48.31,38.89,7-11,18,2
The Chase Is On (Copy 2),48.31,38.89,7-11,18,1
"Hawkeye, Master Marksman (Copy 2)",48.31,38.89,7-11,18,1
"Spider-Girl, Legacy Hero (Copy 2)",48.31,38.89,7-11,18,1
Lonely Arroyo (Copy 1),48.3,44.68,21-26,47,6
"Tolsimir, Midnight's Light (Copy 1)",48.3,44.68,21-26,47,4
Training Compound (Copy 1),48.29,47.92,219-238,457,30
Murder (Copy 1),48.29,47.24,77-86,163,12
Arwen Undómiel (Copy 1),48.28,44.44,20-25,45,4
Super-Adaptoid (Copy 2),48.28,37.5,6-10,16,2
Pillar Launch (Copy 1),48.28,46.97,62-70,132,13
Atlantis Attacks (Copy 3),48.28,45.95,34-40,74,6
"Red Guardian, Super-Soldier (Copy 2)",48.28,45.95,34-40,74,6
Candlestick (Copy 1),48.28,44.44,20-25,45,5
Vengeful Villagers (Copy 1),48.28,45.95,34-40,74,6
Oasis Gardener (Copy 2),48.28,37.5,6-10,16,3
Orcish Medicine (Copy 2),48.28,37.5,6-10,16,3
Oscorp Research Team (Copy 1),48.26,47.47,103-114,217,18
Inner Demons Gangsters (Copy 1),48.26,47.34,89-99,188,16
Stomped by the Foot (Copy 1),48.26,47.34,89-99,188,22
Gwen Stacy // Ghost-Spider (Copy 1),48.25,44.19,19-24,43,4
Fire Lord Azula (Copy 1),48.25,35.71,5-9,14,2
Protector of Gondor (Copy 2),48.25,35.71,5-9,14,2
Stingerback Terror (Copy 1),48.25,44.19,19-24,43,5
S.H.I.E.L.D. Deployment Drone (Copy 4),48.25,35.71,5-9,14,2
Mob Lookout (Copy 2),48.25,35.71,5-9,14,5
"Donatello, Gadget Master (Copy 1)",48.25,35.71,5-9,14,1
Punishing Punch (Copy 3),48.25,35.71,5-9,14,1
Hell's Kitchen (Copy 1),48.24,47.96,306-332,638,45
Undercover Skrull (Copy 2),48.24,47.84,210-229,439,33
"Denethor, Ruling Steward (Copy 1)",48.24,46.46,46-53,99,10
Delighted Halfling (Copy 1),48.24,45.71,32-38,70,5
Redrock Sentinel (Copy 1),48.23,43.9,18-23,41,3
Mechanical Mobster (Copy 2),48.21,33.33,4-8,12,3
Fire Nation Raider (Copy 2),48.21,33.33,4-8,12,3
"The Sentry, Golden Guardian (Copy 2)",48.21,33.33,4-8,12,1
Helicarrier Strike (Copy 1),48.2,48.08,753-813,1566,95
"Hakoda, Selfless Commander (Copy 1)",48.2,43.59,17-22,39,4
Inspiring Vantage (Copy 1),48.19,45.45,30-36,66,5
Take Up the Shield (Copy 3),48.19,46.24,43-50,93,10
"Colleen Wing, Street Samurai (Copy 1)",48.18,47.96,412-447,859,51
The Last Ronin's Technique (Copy 2),48.18,30.0,3-7,10,1
Hard-Won Jitte (Copy 1),48.18,46.67,56-64,120,12
Rewrite History (Copy 2),48.18,43.24,16-21,37,3
Corrupt Court Official (Copy 2),48.18,30.0,3-7,10,1
"Spider-Man, Brooklyn Visionary (Copy 2)",48.18,30.0,3-7,10,2
Mirrormere Guardian (Copy 2),48.18,30.0,3-7,10,1
"Shadowfax, Lord of Horses (Copy 2)",48.18,30.0,3-7,10,1
Neighborhood Guardian (Copy 2),48.18,30.0,3-7,10,1
"Sauron, the Necromancer (Copy 1)",48.18,30.0,3-7,10,2
Stromkirk Captain (PLST) DKA-143 (Copy 1),48.18,30.0,3-7,10,1
Benthic Criminologists (Copy 2),48.18,30.0,3-7,10,1
Ill-Timed Explosion (Copy 1),48.18,30.0,3-7,10,1
Ride Down (Copy 1),48.17,45.31,29-35,64,6
Essence of Antiquity (Copy 1),48.17,46.15,42-49,91,7
"Raphael, Tough Turtle (Copy 1)",48.16,47.09,81-91,172,20
Samwise the Stouthearted (Copy 1),48.15,42.86,15-20,35,5
Peerless Ropemaster (Copy 2),48.15,25.0,2-6,8,1
Rakdos Joins Up (Copy 1),48.15,25.0,2-6,8,1
Surveillance Room (Copy 5),48.15,25.0,2-6,8,1
Wild Pack Squad (Copy 2),48.15,25.0,2-6,8,2
Gallant Citizen (Copy 2),48.15,25.0,2-6,8,1
Spider-Bot (Copy 2),48.15,42.86,15-20,35,3
Machinesmith Automaton (Copy 4),48.15,25.0,2-6,8,1
Pumpkin Bombardment (Copy 2),48.15,25.0,2-6,8,2
Shredder's Revenge (Copy 2),48.15,25.0,2-6,8,2
Web Up (Copy 2),48.14,47.84,299-326,625,50
"Momo, Friendly Flier (Copy 1)",48.13,45.98,40-47,87,6
"Momo, Playful Pet (Copy 1)",48.13,45.98,40-47,87,10
Tunnel Rats (Copy 1),48.12,46.76,65-74,139,15
Slip On the Ring (Copy 1),48.12,46.99,78-88,166,13
Super Speed (Copy 1),48.11,47.98,737-799,1536,95
"Bullseye, Death Dealer (Copy 1)",48.11,47.88,395-430,825,51
Airtight Alibi (Copy 2),48.11,16.67,1-5,6,2
Double Down (Copy 1),48.11,16.67,1-5,6,1
Bitter Work (Copy 2),48.11,16.67,1-5,6,1
Essence Capture (Copy 2),48.11,16.67,1-5,6,1
Thor Odinson (Copy 3),48.11,16.67,1-5,6,1
Plague of Vermin (Copy 1),48.11,16.67,1-5,6,1
Pet Avengers (Copy 1),48.1,47.97,709-769,1478,88
Brilliance Unleashed (Copy 1),48.1,44.83,26-32,58,5
Fisk Tower (Copy 1),48.09,47.87,428-466,894,57
Boomerang Basics (Copy 1),48.09,45.78,38-45,83,8
Intimidation Campaign (Copy 1),48.09,45.78,38-45,83,8
Extract a Confession (Copy 1),48.08,44.64,25-31,56,6
Museum Nightwatch (Copy 2),48.08,0.0,0-4,4,1
Extract a Confession (Copy 2),48.08,0.0,0-4,4,1
Tunnel Tipster (Copy 2),48.08,0.0,0-4,4,1
Octopus Form (Copy 2),48.08,0.0,0-4,4,2
Island (Copy 5),48.08,0.0,0-4,4,1
Rosie Cotton of South Lane (Copy 2),48.08,0.0,0-4,4,1
"Sally Pride, Lioness Leader (Copy 1)",48.08,0.0,0-4,4,1
"Michelangelo, Mutant BFF (Copy 2)",48.08,0.0,0-4,4,1
The Coming of Galactus (Copy 2),48.08,0.0,0-4,4,1
Hew the Entwood (Copy 1),48.08,0.0,0-4,4,1
Seismic Sense (Copy 2),48.08,0.0,0-4,4,1
Zuko's Conviction (Copy 2),48.08,0.0,0-4,4,1
Messenger Hawk (Copy 2),48.08,0.0,0-4,4,1
Beastbond Outcaster (Copy 1),48.07,45.68,37-44,81,6
"Titania, Rugged Rumbler (Copy 1)",48.06,47.77,310-339,649,40
Cruel Alliance (Copy 1),48.05,47.91,676-735,1411,84
Eastfarthing Farmer (Copy 1),48.05,46.79,73-83,156,15
Earth Kingdom Protectors (Copy 1),48.03,46.51,60-69,129,10
Detective's Satchel (Copy 1),48.03,40.74,11-16,27,3
Ran and Shaw (Copy 1),48.0,45.33,34-41,75,7
Stagecoach Security (Copy 1),48.0,46.67,70-80,150,12
Trusty Boomerang (Copy 1),48.0,40.0,10-15,25,4
Action News Crew (Copy 1),48.0,46.4,58-67,125,14
"Whiplash, Vengeful Engineer (Copy 2)",48.0,46.0,46-54,100,7
A.I.M. Synthoids (Copy 3),48.0,44.0,22-28,50,7
Take for a Ride (Copy 1),48.0,44.0,22-28,50,4
Airbending Lesson (Copy 1),47.99,47.09,105-118,223,19
Surveillance Room (Copy 2),47.99,47.54,213-235,448,32
The Lion-Turtle (Copy 1),47.98,45.92,45-53,98,9
Sterling Keykeeper (Copy 1),47.98,47.23,128-143,271,22
Buried in the Garden (Copy 1),47.98,45.92,45-53,98,6
Arwen's Gift (Copy 1),47.98,46.34,57-66,123,11
"Sokka, Tenacious Tactician (Copy 1)",47.97,43.75,21-27,48,6
Wojek Investigator (MKM) 36† (Copy 1),47.97,39.13,9-14,23,2
HYDRA Troopers (Copy 4),47.97,39.13,9-14,23,2
"Ant-Man, Colony Commander (Copy 1)",47.95,47.68,359-394,753,44
Mister Negative (Copy 1),47.95,43.48,20-26,46,3
"Kang, Temporal Tyrant (Copy 1)",47.94,47.7,415-455,870,55
"Viv Vision, Teen Synthezoid (Copy 1)",47.94,47.64,323-355,678,42
Hero in Training (Copy 1),47.93,47.8,760-830,1590,99
"White Tiger, Ava Ayala (Copy 2)",47.93,46.48,66-76,142,10
"Casey Jones, Jury-Rig Justiciar (Copy 1)",47.93,44.93,31-38,69,7
Kraven's Last Hunt (Copy 1),47.93,44.93,31-38,69,6
Symbiote Spider-Man (Copy 1),47.93,44.93,31-38,69,6
Doc Ock's Henchmen (Copy 2),47.92,43.18,19-25,44,3
Cosmic Cube (Copy 1),47.92,46.95,100-113,213,15
Drover Grizzly (Copy 1),47.92,46.67,77-88,165,17
Wakandan Drone Flock (Copy 2),47.9,47.37,189-210,399,30
"Scorpion, Seething Striker (Copy 1)",47.9,46.38,64-74,138,11
"Taskmaster, Mercenary Mimic (Copy 1)",47.89,47.44,222-246,468,30
One Last Job (Copy 1),47.89,42.86,18-24,42,4
Northampton Farm (Copy 1),47.89,42.86,18-24,42,4
Rocket-Powered Goblin Glider (Copy 1),47.89,42.86,18-24,42,4
Steer Clear (Copy 1),47.88,46.86,97-110,207,14
Slickshot Lockpicker (Copy 1),47.88,44.62,29-36,65,7
"Hercules, Prince of Power (Copy 2)",47.88,44.62,29-36,65,6
"Moonstone, Harsh Mistress (Copy 1)",47.87,47.55,310-342,652,41
Spider-Man No More (Copy 2),47.86,42.5,17-23,40,4
Phoenix Fleet Airship (Copy 1),47.86,35.29,6-11,17,2
"Araña, Heart of the Spider (Copy 1)",47.86,35.29,6-11,17,3
Suburban Sanctuary (Copy 2),47.86,35.29,6-11,17,2
Roxxon Brutes (Copy 4),47.86,35.29,6-11,17,1
Ba Sing Se (Copy 1),47.86,42.5,17-23,40,3
Escape Tunnel (Copy 2),47.83,42.11,16-22,38,7
Snakeskin Veil (Copy 1),47.83,45.24,38-46,84,9
Multiversal Incursion (Copy 1),47.83,46.73,93-106,199,14
"Katara, Bending Prodigy (Copy 1)",47.83,45.24,38-46,84,8
Get a Leg Up (Copy 1),47.83,42.11,16-22,38,4
Pym Particles (Copy 2),47.83,45.24,38-46,84,10
Wakandan Drone Flock (Copy 4),47.83,33.33,5-10,15,2
Mary Jane Watson (Copy 1),47.83,42.11,16-22,38,4
"Hellcat, Undying Vigilante (Copy 2)",47.83,44.26,27-34,61,5
Selfless Police Captain (Copy 2),47.83,33.33,5-10,15,3
Taxi Driver (Copy 2),47.83,33.33,5-10,15,2
Giant Growth (Copy 2),47.8,47.38,244-271,515,36
Dependable Quinjet (Copy 1),47.8,47.63,634-697,1331,87
"Jessica Jones, Private Eye (Copy 2)",47.8,44.07,26-33,59,6
Madame Hydra (Copy 2),47.79,46.51,80-92,172,12
Pippin's Bravery (Copy 1),47.78,46.92,122-138,260,19
Stark Industries (Copy 1),47.77,47.55,495-546,1041,63
Reasonable Doubt (Copy 1),47.77,46.26,68-79,147,13
Knowledge Seeker (Copy 1),47.77,43.86,25-32,57,7
Hour of Defeat (Copy 3),47.77,43.86,25-32,57,4
"The Mighty Thor, Jane Foster (Copy 1)",47.76,47.11,163-183,346,23
Outrageous Robbery (Copy 1),47.76,41.18,14-20,34,3
Shower of Arrows (Copy 1),47.76,46.21,67-78,145,12
"Suki, Courageous Rescuer (Copy 1)",47.76,41.18,14-20,34,3
Ghostly Prison (Copy 1),47.76,41.18,14-20,34,2
"Armaggon, Future Shark (Copy 1)",47.76,41.18,14-20,34,4
Captain America's Shield (Copy 2),47.75,27.27,3-8,11,1
Retro-Mutation (Copy 1),47.75,45.9,56-66,122,13
"Wylie Duke, Atiin Hero (Copy 1)",47.75,44.87,35-43,78,7
"Kang, Temporal Tyrant (Copy 3)",47.75,27.27,3-8,11,1
Spectacular Tactics (Copy 2),47.75,27.27,3-8,11,3
Breaking of the Fellowship (Copy 2),47.75,27.27,3-8,11,2
Atlantean Cavalry (Copy 4),47.75,27.27,3-8,11,1
Outlaw Stitcher (Copy 2),47.75,27.27,3-8,11,1
Rush of Dread (Copy 1),47.75,27.27,3-8,11,1
Cactarantula (Copy 2),47.75,27.27,3-8,11,1
Mines of Moria (Copy 1),47.75,27.27,3-8,11,2
"Red Guardian, Super-Soldier (Copy 1)",47.74,47.44,352-390,742,46
"Jeong Jeong, the Deserter (Copy 1)",47.73,40.62,13-19,32,4
Trick Shot (Copy 1),47.71,46.8,117-133,250,24
Curious Farm Animals (Copy 2),47.71,22.22,2-7,9,2
Riku of Many Paths (Copy 1),47.71,43.4,23-30,53,4
"Beetle, Legacy Criminal (Copy 2)",47.71,22.22,2-7,9,1
Unscrupulous Agent (Copy 2),47.71,22.22,2-7,9,1
Clandestine Meddler (Copy 2),47.71,22.22,2-7,9,1
Rubblebelt Maverick (Copy 2),47.71,22.22,2-7,9,1
"Elrond, Master of Healing (Copy 1)",47.71,22.22,2-7,9,1
"Beast, Erudite Aerialist (Copy 1)",47.7,47.38,334-371,705,43
Dark Fortress (Copy 2),47.7,44.59,33-41,74,7
Bristlepack Sentry (Copy 1),47.7,46.45,85-98,183,15
Hour of Defeat (Copy 1),47.69,47.51,620-685,1305,79
Smite the Deathless (Copy 1),47.69,46.67,105-120,225,18
"Vadmir, New Blood (Copy 1)",47.69,40.0,12-18,30,2
"Elektra, Daughter of the Hand (Copy 1)",47.68,47.2,228-255,483,28
Ultron Drone (Copy 3),47.68,43.14,22-29,51,4
Jailbreak Scheme (Copy 1),47.67,46.2,73-85,158,13
Doc Ock's Henchmen (Copy 1),47.67,46.72,114-130,244,19
Demand Answers (Copy 1),47.67,44.44,32-40,72,7
Dog Walker (Copy 1),47.66,46.77,123-140,263,20
Restorative Technique (Copy 1),47.66,47.51,724-800,1524,93
Slime Against Humanity (Copy 2),47.66,14.29,1-6,7,1
Topiary Panther (Copy 2),47.66,14.29,1-6,7,1
Insidious Roots (Copy 2),47.66,14.29,1-6,7,1
Undercover Crocodelf (Copy 2),47.66,14.29,1-6,7,1
Magnifying Glass (Copy 2),47.66,14.29,1-6,7,1
Sauron's Ransom (Copy 1),47.66,14.29,1-6,7,1
Phial of Galadriel (Copy 1),47.66,14.29,1-6,7,2
Sterling Hound (Copy 1),47.66,46.61,103-118,221,15
East-Mark Cavalier (Copy 2),47.66,14.29,1-6,7,1
HULK SMASH! (Copy 4),47.66,14.29,1-6,7,2
"Invisible Woman, Sue Storm (Copy 3)",47.66,14.29,1-6,7,1
Bold Biochemist (Copy 4),47.66,14.29,1-6,7,1
Featherbrained Filcher (Copy 2),47.66,14.29,1-6,7,1
"Shredder, Unrelenting (Copy 2)",47.66,14.29,1-6,7,1
Ninja of the Hand (Copy 4),47.66,14.29,1-6,7,1
Dimension X (Copy 1),47.65,46.33,82-95,177,20
Spider-Punk (Copy 1),47.65,42.86,21-28,49,5
Abrupt Decay (Copy 1),47.65,44.29,31-39,70,5
Prickly Pair (Copy 1),47.64,46.43,91-105,196,15
"Speedball, New Warrior (Copy 2)",47.64,45.05,41-50,91,9
Olog-hai Crusher (Copy 1),47.64,45.86,61-72,133,10
Wandering Musicians (Copy 1),47.64,46.29,81-94,175,19
Case of the Burning Masks (Copy 1),47.64,45.05,41-50,91,7
Spell Snare (PLST) DIS-33 (Copy 1),47.62,0.0,0-5,5,1
Haazda Vigilante (Copy 2),47.62,0.0,0-5,5,1
"Grim Reaper, Lethal Legionnaire (Copy 1)",47.62,47.3,341-380,721,44
Gather the White Lotus (Copy 1),47.62,44.12,30-38,68,5
Pain 101 (Copy 1),47.62,46.39,90-104,194,19
Kylox's Voltstrider (Copy 1),47.62,42.55,20-27,47,3
Dúnedain Rangers (Copy 1),47.62,42.55,20-27,47,5
Earth Kingdom Soldier (Copy 1),47.62,45.45,50-60,110,9
"Gothmog, Morgul Lieutenant (Copy 1)",47.62,45.8,60-71,131,13
Fog on the Barrow-Downs (Copy 2),47.62,38.46,10-16,26,2
Unliving Legionnaire (Copy 4),47.62,0.0,0-5,5,1
South Wind Avatar (Copy 1),47.62,0.0,0-5,5,1
Knowledge Seeker (Copy 2),47.62,0.0,0-5,5,1
"Boromir, Warden of the Tower (Copy 2)",47.62,0.0,0-5,5,1
Isolation at Orthanc (Copy 3),47.62,0.0,0-5,5,1
Sun Warriors (Copy 1),47.62,38.46,10-16,26,3
Claim Jumper (Copy 1),47.62,0.0,0-5,5,1
Watery Grasp (Copy 2),47.62,0.0,0-5,5,1
Rowdy Snowballers (Copy 3),47.62,0.0,0-5,5,1
Rumble Arena (Copy 2),47.62,0.0,0-5,5,1
Harrier Strix (Copy 2),47.62,0.0,0-5,5,1
"Rhino, Barreling Brute (Copy 2)",47.62,0.0,0-5,5,1
"General Traag, Heart of Stone (Copy 2)",47.62,0.0,0-5,5,1
Raft Security Officer (Copy 2),47.59,47.1,227-255,482,37
"Raphael, Most Attitude (Copy 1)",47.59,43.94,29-37,66,8
Strength of Will (Copy 1),47.59,43.94,29-37,66,8
Agents of S.H.I.E.L.D. (Copy 1),47.58,47.42,707-784,1491,97
Savage Land Dinosaur (Copy 1),47.58,47.43,746-827,1573,99
"Doc Ock, Sinister Scientist (Copy 1)",47.58,46.61,117-134,251,17
Compassionate Healer (Copy 1),47.58,46.52,107-123,230,19
"Appa, Steadfast Guardian (Copy 1)",47.58,37.5,9-15,24,3
East Wind Avatar (Copy 1),47.58,46.15,78-91,169,20
"Elrond, Lord of Rivendell (Copy 1)",47.58,37.5,9-15,24,3
Hire a Crew (Copy 3),47.58,37.5,9-15,24,3
"U.S.Agent, John Walker (Copy 2)",47.57,45.28,48-58,106,8
"Echo, Perceptive Prodigy (Copy 1)",47.56,47.22,340-380,720,43
"Okoye, Dora Milaje Leader (Copy 1)",47.56,47.16,291-326,617,41
Avengers Tower (Copy 1),47.55,47.27,407-454,861,51
HULK SMASH! (Copy 2),47.55,46.88,173-196,369,28
Blazing Crescendo (Copy 1),47.54,47.39,763-847,1610,95
"Cloak and Dagger, Entwined (Copy 1)",47.54,47.01,220-248,468,30
Living Conundrum (Copy 1),47.54,36.36,8-14,22,2
Giant-Sized Flying Ant (Copy 1),47.53,47.35,652-725,1377,87
"Wraith, Vicious Vigilante (Copy 1)",47.53,46.01,75-88,163,12
"Lady Octopus, Inspired Inventor (Copy 1)",47.52,41.46,17-24,41,4
Another Round (Copy 1),47.52,41.46,17-24,41,3
Corrupted Conviction (Copy 1),47.51,46.62,131-150,281,21
Iron Man Armor (Copy 1),47.51,45.96,74-87,161,10
Requisition Raid (Copy 1),47.5,43.33,26-34,60,5
Bombadil's Song (Copy 1),47.49,45.91,73-86,159,15
"Fortune, Loyal Steed (Copy 1)",47.48,41.03,16-23,39,3
"Long Feng, Grand Secretariat (Copy 1)",47.48,45.65,63-75,138,12
Taxi Driver (Copy 1),47.47,46.48,119-137,256,18
Photon Blast Barrage (Copy 2),47.47,44.9,44-54,98,8
Path to Redemption (Copy 1),47.46,46.38,109-126,235,20
Outlaw Medic (Copy 1),47.46,46.02,81-95,176,15
Gold Pan (Copy 2),47.46,33.33,6-12,18,2
"Malcolm, the Eyes (Copy 1)",47.46,33.33,6-12,18,2
Callous Inspector (Copy 1),47.45,45.81,71-84,155,14
Raft Security Officer (Copy 1),47.44,47.28,738-823,1561,92
Stegron the Dinosaur Man (Copy 2),47.44,42.86,24-32,56,7
Deadly Precision (Copy 1),47.41,45.88,78-92,170,16
Aftermath Analyst (Copy 1),47.41,40.0,14-21,35,2
Volcanic Villain (Copy 4),47.41,31.25,5-11,16,1
Cheering Crowd (Copy 1),47.41,40.0,14-21,35,4
Cirith Ungol Patrol (Copy 2),47.41,31.25,5-11,16,2
Oscorp Research Team (Copy 2),47.41,31.25,5-11,16,3
Gran-Gran (Copy 1),47.41,40.0,14-21,35,5
Super Suit (Copy 1),47.4,47.22,670-749,1419,88
"Swarm, Being of Bees (Copy 1)",47.4,46.48,132-152,284,27
"Erkenbrand, Lord of Westfold (Copy 1)",47.4,42.59,23-31,54,5
Case of the Ransacked Lab (Copy 1),47.4,42.59,23-31,54,4
Hardbristle Bandit (Copy 1),47.39,45.38,59-71,130,11
Riftburst Hellion (Copy 1),47.39,45.38,59-71,130,13
Manhole Missile (Copy 1),47.39,45.38,59-71,130,15
Chance-Met Elves (Copy 1),47.39,45.64,68-81,149,13
"Bullseye, Death Dealer (Copy 2)",47.37,43.66,31-40,71,5
Map the Frontier (Copy 1),47.37,43.66,31-40,71,8
Homicide Investigator (Copy 1),47.37,39.39,13-20,33,2
"Glorfindel, Dauntless Rescuer (Copy 1)",47.37,39.39,13-20,33,4
Supportive Parents (Copy 1),47.37,42.31,22-30,52,6
"Mikey & Leo, Chaos & Order (Copy 1)",47.37,28.57,4-10,14,2
Surveillance Room (Copy 4),47.37,28.57,4-10,14,1
Loxodon Eavesdropper (Copy 2),47.37,28.57,4-10,14,1
Projektor Inspector (Copy 3),47.37,28.57,4-10,14,2
TCRI Building (Copy 1),47.35,45.24,57-69,126,15
"Mister Hyde, Monster Within (Copy 1)",47.34,46.98,350-395,745,46
Back for More (Copy 1),47.34,44.32,39-49,88,8
Thor Odinson (Copy 1),47.33,46.91,304-344,648,44
Peter Parker's Camera (Copy 1),47.33,38.71,12-19,31,4
"Eddie Brock // Venom, Lethal Protector (Copy 1)",47.33,38.71,12-19,31,3
Avengers Hangar (Copy 1),47.32,46.99,382-431,813,52
Plains (Copy 3),47.32,46.45,144-166,310,35
Purple Dragon Punks (Copy 2),47.32,25.0,3-9,12,2
The Kingpin of Crime (Copy 3),47.32,25.0,3-9,12,1
Archive Trap (Copy 1),47.32,25.0,3-9,12,2
With Great Power . . . (Copy 2),47.32,25.0,3-9,12,1
Display of Power (Copy 1),47.32,25.0,3-9,12,1
"Speed, Young Avenger (Copy 1)",47.31,47.0,408-460,868,56
Spider Manifestation (Copy 2),47.29,37.93,11-18,29,6
Guy in the Chair (Copy 1),47.29,45.76,81-96,177,20
Mount Doom (Copy 1),47.29,37.93,11-18,29,2
Freestrider Commando (Copy 1),47.28,46.01,98-115,213,21
Fierce Retribution (Copy 1),47.28,44.05,37-47,84,7
Sinister Hideout (Copy 1),47.27,46.09,106-124,230,18
Rise of the Varmints (Copy 1),47.27,43.08,28-37,65,4
"Loki, God of Mischief (Copy 2)",47.27,20.0,2-8,10,1
"White Widow, Free Agent (Copy 1)",47.26,46.88,330-374,704,48
"Venom, Evil Unleashed (Copy 1)",47.26,46.29,131-152,283,26
"Suki, Kyoshi Warrior (Copy 1)",47.26,45.26,62-75,137,11
"Michelangelo, Game Master (Copy 1)",47.26,45.83,88-104,192,20
Utrom Scientists (Copy 1),47.25,46.12,113-132,245,21
Sanguine Savior (Copy 1),47.24,46.02,104-122,226,19
Secret Invasion (Copy 1),47.24,46.02,104-122,226,18
Flowering of the White Tree (Copy 1),47.24,37.04,10-17,27,2
Project Deathlok Soldier (Copy 1),47.23,47.02,607-684,1291,84
Vision of Love (Copy 1),47.23,47.06,735-827,1562,90
Hire a Crew (Copy 2),47.23,46.09,112-131,243,19
"Legolas, Counter of Kills (Copy 1)",47.22,44.83,52-64,116,10
Torpor Orb (Copy 1),47.22,12.5,1-7,8,2
Chance-Met Elves (Copy 2),47.22,12.5,1-7,8,1
"Sandman, Shifting Scoundrel (Copy 1)",47.22,12.5,1-7,8,1
Firebending Student (Copy 1),47.22,12.5,1-7,8,1
"Shocker, Unshakable (Copy 2)",47.22,12.5,1-7,8,1
Agents of S.H.I.E.L.D. (Copy 2),47.21,46.26,136-158,294,24
Mountain (Copy 4),47.21,44.33,43-54,97,15
Falcon's Wing Harness (Copy 1),47.2,46.68,253-289,542,37
Undercover Skrull (Copy 1),47.2,47.03,769-866,1635,98
Boiling Rock Prison (Copy 1),47.2,42.62,26-35,61,7
Crimson Operative (Copy 2),47.2,46.52,194-223,417,31
Spectacular Tactics (Copy 1),47.2,46.3,144-167,311,24
S.H.I.E.L.D. Spy Kit (Copy 3),47.2,42.62,26-35,61,7
Origin of Spider-Man (Copy 1),47.2,42.62,26-35,61,5
Sword of Wealth and Power (Copy 1),47.2,36.0,9-16,25,3
Extinction Event (Copy 1),47.2,36.0,9-16,25,3
"Judith, Carnage Connoisseur (Copy 1)",47.2,36.0,9-16,25,2
Pet Avengers (Copy 2),47.19,46.38,160-185,345,28
Bruce Banner // The Incredible Hulk (Copy 1),47.18,45.65,84-100,184,11
"Spider-Byte, Web Warden (Copy 1)",47.17,44.64,50-62,112,10
Escape Tunnel (Copy 3),47.17,0.0,0-6,6,2
The Serpent Society (Copy 1),47.17,46.39,167-193,360,24
Hobbit's Sting (Copy 2),47.17,0.0,0-6,6,2
Fire Navy Trebuchet (Copy 2),47.17,0.0,0-6,6,2
Bristlepack Sentry (Copy 2),47.17,0.0,0-6,6,2
Bedlam (Copy 1),47.17,0.0,0-6,6,1
"Bebop, Warthog Warrior (Copy 2)",47.17,0.0,0-6,6,1
Mutant Town Musicians (Copy 3),47.17,0.0,0-6,6,1
Raphael's Technique (Copy 1),47.17,0.0,0-6,6,1
Madame Hydra (Copy 1),47.16,46.88,474-537,1011,61
Dark Fortress (Copy 1),47.16,46.67,266-304,570,35
"Spider-Girl, Legacy Hero (Copy 1)",47.15,44.09,41-52,93,8
Lavaspur Boots (Copy 1),47.15,34.78,8-15,23,3
"Leonardo, Sewer Samurai (Copy 1)",47.15,34.78,8-15,23,2
Fanatical Strength (MKM) 310† (Copy 1),47.15,34.78,8-15,23,2
"Patriot, Shield Wielder (Copy 2)",47.14,40.0,16-24,40,5
Giant-Sized Flying Ant (Copy 2),47.14,46.25,148-172,320,25
Gearbane Orangutan (Copy 1),47.14,44.55,49-61,110,11
Vengeful Creeper (Copy 1),47.13,45.79,98-116,214,16
Birnin Zana Plaza (Copy 1),47.13,46.86,500-567,1067,68
Diligent Zookeeper (Copy 1),47.13,43.24,32-42,74,7
HYDRA Assault Robot (Copy 3),47.12,44.44,48-60,108,8
Tony Stark // The Invincible Iron Man (Copy 1),47.12,43.96,40-51,91,6
Ephemerate (Copy 1),47.11,33.33,7-14,21,2
Volcanic Villain (Copy 3),47.1,41.82,23-32,55,5
Transdimensional Bovine (Copy 1),47.1,39.47,15-23,38,3
Venom's Hunger (Copy 1),47.09,46.04,128-150,278,21
Luxurious Locomotive (Copy 1),47.09,44.34,47-59,106,10
Bold Biochemist (Copy 1),47.08,46.88,692-784,1476,93
HYDRA Assault Robot (Copy 4),47.06,31.58,6-13,19,2
"Kraven, Proud Predator (Copy 1)",47.06,38.89,14-22,36,8
"Spider-Slayer, Hatred Honed (Copy 1)",47.06,44.23,46-58,104,10
Pippin's Bravery (Copy 2),47.06,31.58,6-13,19,3
Invasion Tactics (Copy 1),47.06,38.89,14-22,36,3
Fire of Orthanc (Copy 1),47.06,44.23,46-58,104,10
Bombadil's Song (Copy 2),47.06,31.58,6-13,19,3
Web of Life and Destiny (Copy 1),47.06,38.89,14-22,36,3
Villainous Wealth (Copy 1),47.06,31.58,6-13,19,3
HYDRA Infiltration (Copy 2),47.04,46.13,149-174,323,26
Lightning Strike (Copy 2),47.04,46.44,228-263,491,40
Kang the Conqueror (Copy 1),47.04,45.1,69-84,153,10
Roxxon Brutes (Copy 2),47.02,46.29,187-217,404,28
Suburban Sanctuary (Copy 1),47.02,45.66,100-119,219,19
Rictus Robber (Copy 1),47.02,41.18,21-30,51,5
Escape from Orthanc (Copy 1),47.01,45.24,76-92,168,14
S.H.I.E.L.D. Helicarrier (Copy 3),47.01,38.24,13-21,34,2
Biorganic Carapace (Copy 1),47.01,38.24,13-21,34,3
Morgul-Knife Wound (Copy 2),47.01,29.41,5-12,17,3
Agents of HYDRA (Copy 3),47.01,38.24,13-21,34,3
"War Machine, Legacy of Iron (Copy 1)",47.0,46.65,397-454,851,51
Turtle-Duck (Copy 1),46.98,45.45,90-108,198,17
Stark Industries Executive (Copy 1),46.97,46.77,687-782,1469,90
Eagles of the North (Copy 1),46.97,45.75,113-134,247,20
Saber-Tooth Moose-Lion (Copy 1),46.97,45.12,74-90,164,13
Tenderize (Copy 2),46.97,37.5,12-20,32,4
Rohirrim Lancer (Copy 1),46.97,45.12,74-90,164,11
Minas Tirith (Copy 1),46.97,37.5,12-20,32,2
Serpent Specialist (Copy 4),46.96,26.67,4-11,15,3
Ant-Man's Army (Copy 4),46.96,26.67,4-11,15,1
Spider-Verse (Copy 1),46.96,26.67,4-11,15,1
"Taskmaster, Mercenary Mimic (Copy 2)",46.96,26.67,4-11,15,1
Worldsoul's Rage (Copy 1),46.96,26.67,4-11,15,1
Lead Pipe (Copy 1),46.96,26.67,4-11,15,1
Treacherous Terrain (Copy 1),46.96,26.67,4-11,15,1
"Kaya, Spirits' Justice (Copy 1)",46.96,26.67,4-11,15,1
Escape Tunnel (Copy 1),46.95,46.06,158-185,343,32
Basilica Stalker (Copy 1),46.94,45.77,119-141,260,24
Kree Commandos (Copy 4),46.94,40.43,19-28,47,4
"Klaw, Sonic Subjugator (Copy 1)",46.93,46.47,309-356,665,43
Brave Brawler (Copy 2),46.93,45.99,149-175,324,26
Spider-Mobile (Copy 1),46.93,43.04,34-45,79,8
"Human Torch, Johnny Storm (Copy 1)",46.92,46.56,392-450,842,51
Thunderbolts Conspiracy (Copy 2),46.92,36.67,11-19,30,3
Foggy Swamp Visions (Copy 1),46.92,36.67,11-19,30,3
Giant Beaver (Copy 2),46.9,23.08,3-10,13,2
Fall of Gil-galad (Copy 1),46.9,23.08,3-10,13,3
Assemble the Players (Copy 1),46.9,23.08,3-10,13,2
The Masters of Evil (Copy 3),46.9,23.08,3-10,13,3
Hustle // Bustle (Copy 1),46.9,40.0,18-27,45,4
Forensic Gadgeteer (Copy 1),46.88,35.71,10-18,28,2
Mystical Tether (Copy 1),46.88,44.87,70-86,156,14
Blacksnag Buzzard (Copy 1),46.88,45.72,123-146,269,25
"Aurelia, the Law Above (Copy 1)",46.88,35.71,10-18,28,3
Genghis Frog (Copy 1),46.88,43.48,40-52,92,13
Thornado (Copy 1),46.86,43.93,47-60,107,8
Jagged Barrens (Copy 1),46.86,43.93,47-60,107,8
Wakandan Drone Flock (Copy 3),46.86,42.67,32-43,75,5
Barrels of Blasting Jelly (Copy 1),46.86,42.67,32-43,75,7
Red Hulk (Copy 1),46.85,46.42,337-389,726,49
Drag the Canal (Copy 1),46.85,39.53,17-26,43,4
The Fire Nation Drill (Copy 1),46.85,18.18,2-9,11,2
Case of the Pilfered Proof (Copy 1),46.85,39.53,17-26,43,3
Dunland Crebain (Copy 3),46.85,18.18,2-9,11,1
Radagast the Brown (Copy 1),46.85,18.18,2-9,11,2
Barrow-Blade (Copy 2),46.85,18.18,2-9,11,1
Action News Crew (Copy 2),46.85,18.18,2-9,11,3
Fell the Mighty (Copy 1),46.85,18.18,2-9,11,1
Savage Mansion (Copy 2),46.85,18.18,2-9,11,3
"Niv-Mizzet, Guildpact (MKM) 319z (Copy 1)",46.85,18.18,2-9,11,1
Mountain (Copy 2),46.84,46.54,491-564,1055,83
Bespoke Bō (Copy 1),46.84,41.38,24-34,58,7
Web-Shooters (Copy 1),46.83,43.81,46-59,105,10
Mouser Attack! (Copy 1),46.83,45.45,105-126,231,25
Rebellious Captives (Copy 1),46.83,45.11,83-101,184,16
Thunder Salvo (Copy 1),46.83,45.11,83-101,184,14
Robotics Mastery (Copy 2),46.83,34.62,9-17,26,2
Scene of the Crime (Copy 1),46.81,39.02,16-25,41,5
Bold Biochemist (Copy 2),46.8,45.89,162-191,353,30
Sold Out (Copy 1),46.79,45.28,96-116,212,20
Thundering Falls (Copy 1),46.79,11.11,1-8,9,1
"Abomination, Terrifying Titan (Copy 2)",46.79,41.07,23-33,56,4
Brave Brawler (Copy 4),46.79,11.11,1-8,9,1
Hydraulic Helper (Copy 2),46.78,46.17,241-281,522,39
Grow Extra Arms (Copy 1),46.77,45.7,138-164,302,25
Ultron Drone (Copy 2),46.77,45.81,153-181,334,26
Morbius the Living Vampire (Copy 1),46.77,44.59,66-82,148,13
Deserter's Disciple (Copy 1),46.77,45.24,95-115,210,18
Unlucky Cabbage Merchant (Copy 1),46.77,43.56,44-57,101,7
Resilient Roadrunner (Copy 1),46.77,33.33,8-16,24,2
Perimeter Enforcer (Copy 1),46.77,33.33,8-16,24,2
Ant-Man's Army (Copy 1),46.76,46.56,772-886,1658,105
"She-Hulk, Jade Defender (Copy 2)",46.75,44.52,65-81,146,11
Essence Capture (Copy 1),46.75,40.74,22-32,54,4
"Zog, Triceraton Castaway (Copy 1)",46.74,44.72,72-89,161,16
"Sauron, the Dark Lord (Copy 1)",46.73,0.0,0-7,7,1
"Agent 13, Sharon Carter (Copy 3)",46.73,0.0,0-7,7,1
Swamp (Copy 6),46.73,0.0,0-7,7,1
Pariah (Copy 1),46.73,0.0,0-7,7,1
Team Tactics (Copy 3),46.73,0.0,0-7,7,1
Web Up (Copy 1),46.72,46.52,761-875,1636,103
Daily Bugle Building (Copy 1),46.72,44.19,57-72,129,13
Thor Odinson (Copy 2),46.72,37.84,14-23,37,3
Intrude on the Mind (Copy 1),46.72,37.84,14-23,37,3
The Unagi of Kyoshi Island (Copy 1),46.72,37.84,14-23,37,4
Powerful Broker (Copy 1),46.71,46.5,717-825,1542,96
Pym Technologies (Copy 1),46.71,46.4,483-558,1041,65
Squirrelanoids (Copy 1),46.71,41.79,28-39,67,8
Corrupt Court Official (Copy 1),46.71,44.97,85-104,189,15
"Bumi, Unleashed (Copy 1)",46.71,40.38,21-31,52,3
A.I.M. Labs (Copy 2),46.7,44.09,56-71,127,10
Battle-Scarred Goblin (Copy 1),46.7,43.75,49-63,112,14
Mirkwood Bats (Copy 1),46.69,45.42,119-143,262,21
Origin of the Avengers (Copy 1),46.69,45.16,98-119,217,18
Damage Control Crew (Copy 1),46.69,44.59,70-87,157,13
Visions of Villainy (Copy 1),46.67,46.43,644-743,1387,88
Call a Surprise Witness (Copy 1),46.67,40.0,20-30,50,5
"Loki, God of Mischief (Copy 1)",46.67,45.62,146-174,320,27
Helicarrier Strike (Copy 3),46.67,42.5,34-46,80,7
Shock (Copy 1),46.67,45.79,174-206,380,38
Agent Phil Coulson (Copy 1),46.67,45.31,111-134,245,15
This Town Ain't Big Enough (Copy 1),46.67,41.54,27-38,65,6
Hollow Marauder (Copy 1),46.67,30.0,6-14,20,3
"Spider-Rex, Daring Dino (Copy 1)",46.67,45.0,90-110,200,17
Nazgûl (Copy 1),46.67,40.0,20-30,50,4
Shire Shirriff (Copy 1),46.67,41.54,27-38,65,5
Shortcut to Mushrooms (Copy 1),46.67,30.0,6-14,20,3
"Donatello, Way with Machines (Copy 2)",46.67,30.0,6-14,20,2
The Legend of Kuruk // Avatar Kuruk (Copy 1),46.67,37.14,13-22,35,3
Widow's Bite (Copy 3),46.67,40.0,20-30,50,4
Trickster's Stratagem (Copy 2),46.66,45.96,222-261,483,35
Risky Research (Copy 1),46.65,45.49,131-157,288,26
Kree Commandos (Copy 1),46.64,46.42,706-815,1521,91
Person of Interest (Copy 1),46.64,44.95,89-109,198,16
Sandbenders' Storm (Copy 1),46.64,44.44,68-85,153,14
Desperate Bloodseeker (Copy 1),46.64,43.9,54-69,123,12
Return to the Sewers (Copy 1),46.63,43.01,40-53,93,14
Raging Goblinoids (Copy 1),46.63,42.31,33-45,78,7
Super-Skrull (Copy 1),46.62,45.83,198-234,432,28
"Butterbur, Bree Innkeeper (Copy 1)",46.62,36.36,12-21,33,4
Unliving Legionnaire (Copy 3),46.62,36.36,12-21,33,4
Sumala Sentry (Copy 1),46.62,39.58,19-29,48,5
Gwaihir the Windlord (Copy 1),46.62,39.58,19-29,48,6
Surveillance Room (Copy 1),46.61,46.4,747-863,1610,98
Skyward Spider (Copy 2),46.61,27.78,5-13,18,2
Freestrider Lookout (Copy 1),46.61,27.78,5-13,18,2
Agents of HYDRA (Copy 1),46.6,46.4,799-923,1722,106
Mutant Town (Copy 1),46.6,44.85,87-107,194,20
Treason of Isengard (Copy 1),46.6,44.98,94-115,209,20
"Spider-Ham, Peter Porker (Copy 1)",46.6,42.86,39-52,91,8
HYDRA Assault Robot (Copy 1),46.59,46.37,716-828,1544,96
Castle Doom (Copy 1),46.59,45.63,162-193,355,22
Rakish Scoundrel (Copy 1),46.59,44.3,66-83,149,12
"U.S.Agent, John Walker (Copy 1)",46.58,46.13,352-411,763,54
News Helicopter (Copy 1),46.58,43.7,52-67,119,11
"Now for Wrath, Now for Ruin! (Copy 1)",46.58,43.7,52-67,119,11
S.H.I.E.L.D. Spy Kit (Copy 1),46.57,46.36,777-899,1676,107
Harrier Strix (Copy 1),46.56,44.22,65-82,147,16
"Rhino, Barreling Brute (Copy 1)",46.56,42.7,38-51,89,8
Ostrich-Horse (Copy 1),46.55,43.94,58-74,132,14
Saruman's Trickery (Copy 1),46.55,43.94,58-74,132,10
Warbeast of Gorgoroth (Copy 1),46.55,44.57,78-97,175,13
Retro-Mutation (Copy 2),46.55,25.0,4-12,16,2
"Hawkeye, Master Marksman (Copy 1)",46.54,45.66,179-213,392,23
"Shocker, Unshakable (Copy 1)",46.54,43.59,51-66,117,8
"Viv Vision, Teen Synthezoid (Copy 2)",46.53,43.14,44-58,102,9
Truck Toss (Copy 1),46.52,45.99,298-350,648,43
Quintessential Katana (Copy 1),46.52,42.53,37-50,87,8
"Teo, Spirited Glider (Copy 1)",46.51,41.67,30-42,72,6
Rewrite History (Copy 1),46.51,46.01,317-372,689,44
Island (Copy 4),46.51,41.67,30-42,72,11
Airbender Ascension (Copy 1),46.51,34.48,10-19,29,4
Tiger-Seal (Copy 1),46.51,34.48,10-19,29,3
Teferi's Protection (Copy 1),46.49,21.43,3-11,14,1
"The Mighty Thor, Jane Foster (Copy 2)",46.49,21.43,3-11,14,1
Make Your Move (Copy 2),46.49,21.43,3-11,14,2
Ka-Zar of the Savage Land (Copy 2),46.49,42.35,36-49,85,8
Gathering Place (Copy 2),46.49,21.43,3-11,14,2
Dunland Crebain (Copy 2),46.49,21.43,3-11,14,1
Moria Marauder (Copy 1),46.49,21.43,3-11,14,1
"Legolas, Counter of Kills (Copy 2)",46.49,21.43,3-11,14,1
Origin of Metalbending (Copy 2),46.49,21.43,3-11,14,2
Evidence Examiner (Copy 1),46.48,38.1,16-26,42,5
Rosie Cotton of South Lane (Copy 1),46.48,43.36,49-64,113,8
Crowd of True Believers (Copy 2),46.47,45.83,253-299,552,37
Public Thoroughfare (Copy 1),46.47,41.43,29-41,70,8
Hidden Lair (Copy 1),46.47,45.78,233-276,509,32
Inherited Envelope (Copy 1),46.47,43.97,62-79,141,14
Super Suit (Copy 3),46.47,41.43,29-41,70,5
Crowd of True Believers (Copy 1),46.45,46.22,715-832,1547,100
"Zuko, Exiled Prince (Copy 1)",46.45,42.17,35-48,83,6
Scout the City (Copy 1),46.45,43.24,48-63,111,12
"Boromir, Warden of the Tower (Copy 1)",46.45,40.0,22-33,55,4
Dreadful as the Storm (Copy 1),46.44,44.62,87-108,195,16
"Molten Man, Inferno Incarnate (Copy 1)",46.44,43.88,61-78,139,14
Light of Promise (Copy 1),46.43,37.5,15-25,40,3
Helicarrier Strike (Copy 5),46.43,16.67,2-10,12,1
Defenestrated Phantom (Copy 1),46.42,44.24,73-92,165,12
Robot Domination (Copy 1),46.41,46.01,415-487,902,59
"Kang, Temporal Tyrant (Copy 2)",46.41,41.98,34-47,81,7
Absolving Lammasu (Copy 1),46.41,39.62,21-32,53,5
Rapid Rescue (Copy 1),46.4,46.17,729-850,1579,98
Kyoshi Battle Fan (Copy 1),46.4,44.38,79-99,178,16
"Renet, Temporal Apprentice (Copy 1)",46.4,32.0,8-17,25,3
"Nick Fury, Agent of S.H.I.E.L.D. (Copy 2)",46.4,32.0,8-17,25,3
Go Nuts! (Copy 2),46.39,45.29,149-180,329,28
Death to Our Enemies (Copy 1),46.38,45.93,367-432,799,52
Claim the Precious (Copy 1),46.38,42.99,46-61,107,10
Haazda Vigilante (Copy 1),46.37,43.92,65-83,148,13
Savage Smash (Copy 1),46.36,39.22,20-31,51,3
"Leatherhead, Swamp Stalker (Copy 1)",46.36,39.22,20-31,51,5
The Last Ronin's Technique (Copy 1),46.36,39.22,20-31,51,5
Stubborn Burrowfiend (Copy 1),46.36,10.0,1-9,10,2
Glider Kids (Copy 2),46.36,10.0,1-9,10,1
Yuyan Archers (Copy 2),46.36,10.0,1-9,10,1
Death Cloud (PLST) DST-40 (Copy 1),46.36,10.0,1-9,10,1
"Raph & Leo, Sibling Rivals (Copy 1)",46.36,10.0,1-9,10,1
Whoosh! (Copy 2),46.36,10.0,1-9,10,2
Mutant Town Musicians (Copy 2),46.36,10.0,1-9,10,1
Kree Sentinel (Copy 1),46.35,46.13,751-877,1628,95
Futurist Forge (Copy 1),46.35,46.1,674-788,1462,87
Super Intelligence (Copy 1),46.35,45.78,293-347,640,41
"Hulkling, Burgeoning Bruiser (Copy 1)",46.35,45.87,350-413,763,48
Tunnel Tipster (Copy 1),46.35,44.25,77-97,174,14
Origin of Metalbending (Copy 1),46.35,44.65,96-119,215,17
Multiversal Passage (Copy 1),46.35,42.39,39-53,92,8
Repulsor Blast (Copy 3),46.35,42.39,39-53,92,9
"Falcon, Winged Wonder (Copy 1)",46.34,45.84,336-397,733,52
"Wonder Man, Hollywood Hero (Copy 2)",46.34,42.86,45-60,105,8
Pictures of Spider-Man (Copy 1),46.34,42.86,45-60,105,10
"Tokka & Rahzar, Terrible Twos (Copy 1)",46.34,30.43,7-16,23,2
Red Room Recruit (Copy 1),46.33,46.09,701-820,1521,95
Gandalf's Sanction (Copy 1),46.32,42.22,38-52,90,7
Lobelia Sackville-Baggins (Copy 1),46.32,36.11,13-23,36,5
Éomer of the Riddermark (Copy 1),46.32,36.11,13-23,36,4
"Lazav, Familiar Stranger (Copy 1)",46.32,36.11,13-23,36,3
"White Tiger, Ava Ayala (Copy 1)",46.31,45.85,370-437,807,50
"Iron Spider, Stark Upgrade (Copy 1)",46.31,38.78,19-30,49,4
Guerrilla Gorilla (Copy 2),46.31,45.48,201-241,442,33
Villainous Hideout (Copy 2),46.31,38.78,19-30,49,5
Return the Favor (Copy 1),46.31,38.78,19-30,49,4
Knight of Wundagore (Copy 1),46.3,45.99,551-647,1198,80
The Wondrous Wasp (Copy 1),46.3,45.43,194-233,427,24
Elemental Teachings (Copy 1),46.3,40.32,25-37,62,4
Cruel Administrator (Copy 1),46.3,40.32,25-37,62,6
"Titania, Rugged Rumbler (Copy 2)",46.3,43.1,50-66,116,8
Web-Warriors (Copy 2),46.3,0.0,0-8,8,2
Outlaws' Fury (Copy 2),46.3,0.0,0-8,8,1
Urgent Necropsy (Copy 1),46.3,0.0,0-8,8,1
Nazgûl (Copy 2),46.3,0.0,0-8,8,1
Loki Laufeyson (Copy 1),46.29,45.83,368-435,803,50
Meddling Youths (Copy 1),46.29,41.33,31-44,75,8
The Mind Stone (Copy 1),46.29,44.73,106-131,237,15
Peregrin Took (Copy 1),46.28,43.66,62-80,142,11
Agna Qel'a (Copy 1),46.28,28.57,6-15,21,3
Web-Warriors (Copy 1),46.27,44.05,74-94,168,14
Trained Arynx (Copy 1),46.27,43.87,68-87,155,15
Spider-UK (Copy 1),46.27,42.57,43-58,101,10
Panther Pounce (Copy 2),46.26,45.32,179-216,395,31
Ringsight (Copy 1),46.26,43.31,55-72,127,9
Mine Raider (Copy 1),46.25,44.64,104-129,233,21
Visions of Villainy (Copy 2),46.25,44.95,129-158,287,22
"Jessica Jones, Private Eye (Copy 1)",46.24,45.77,368-436,804,51
Spider Manifestation (Copy 1),46.24,45.09,147-179,326,25
Repulsor Blast (Copy 1),46.23,45.99,735-863,1598,98
Shredder's Technique (Copy 1),46.23,42.42,42-57,99,10
Case of the Shattered Pact (Copy 1),46.22,26.32,5-14,19,3
Claim the Kingdom (Copy 2),46.22,26.32,5-14,19,3
Reanimate (Copy 1),46.22,26.32,5-14,19,2
Kapow! (Copy 1),46.21,44.21,84-106,190,18
New Generation's Technique (Copy 1),46.21,34.38,11-21,32,3
They Went This Way (Copy 1),46.2,44.44,96-120,216,15
Villainous Hideout (Copy 1),46.19,45.55,271-324,595,37
Superior Foes of Spider-Man (Copy 1),46.19,42.73,47-63,110,11
Kingpin's Enforcers (Copy 3),46.19,43.09,53-70,123,10
The Ruinous Wrecking Crew (Copy 1),46.18,45.26,186-225,411,28
Knights of Dol Amroth (Copy 1),46.18,44.0,77-98,175,13
"Captain Marvel, Earth's Protector (Copy 1)",46.18,44.0,77-98,175,11
Alley Assailant (Copy 2),46.15,23.53,4-13,17,3
Swamp (Copy 1),46.15,45.96,968-1138,2106,140
Sandman's Quicksand (Copy 1),46.15,39.29,22-34,56,4
Merciless Enforcers (Copy 2),46.15,37.21,16-27,43,6
Path to Exile (Copy 1),46.15,39.29,22-34,56,6
Cunning Maneuver (Copy 2),46.15,23.53,4-13,17,2
Foggy Swamp Spirit Keeper (Copy 2),46.15,33.33,10-20,30,2
The Rise of Sozin // Fire Lord Sozin (Copy 1),46.15,33.33,10-20,30,2
Cosmic Cube (Copy 2),46.15,23.53,4-13,17,2
Lurking Lizards (Copy 2),46.15,23.53,4-13,17,4
Party Dude (Copy 1),46.15,33.33,10-20,30,3
Mountain (Copy 1),46.14,45.96,979-1151,2130,135
Wakandan Drone Flock (Copy 1),46.12,45.86,682-805,1487,96
Mobile Homestead (Copy 1),46.12,43.45,63-82,145,13
Behind the Mask (Copy 1),46.12,43.67,69-89,158,15
HYDRA Troopers (Copy 2),46.12,45.4,247-297,544,33
"Ezekiel Sims, Spider-Totem (Copy 1)",46.11,41.25,33-47,80,8
Dark Deed (Copy 2),46.11,41.94,39-54,93,9
Foot Ninjas (Copy 1),46.1,43.79,74-95,169,16
Stolen Stark Tech (Copy 3),46.1,38.89,21-33,54,4
Reckless Detective (Copy 1),46.1,38.89,21-33,54,4
Rockalanche (Copy 1),46.1,36.59,15-26,41,4
Ninja of the Hand (Copy 1),46.09,45.83,693-819,1512,94
Dai Li Indoctrination (Copy 1),46.09,43.59,68-88,156,14
"Hobgoblin, Mantled Marauder (Copy 1)",46.09,20.0,3-12,15,3
Aloe Alchemist (Copy 1),46.09,32.14,9-19,28,4
Ferocification (Copy 1),46.08,42.74,50-67,117,8
Crowd-Control Warden (Copy 1),46.08,42.74,50-67,117,10
Hydraulic Helper (Copy 1),46.07,45.84,754-891,1645,101
Shared Roots (Copy 1),46.07,41.76,38-53,91,7
Southern Air Temple (Copy 1),46.07,41.03,32-46,78,6
Punishing Punch (Copy 1),46.06,45.49,318-381,699,44
"Rick Jones, Destined Sidekick (Copy 1)",46.06,45.59,388-463,851,53
War Balloon (Copy 1),46.06,40.0,26-39,65,7
Canyon Crawler (Copy 1),46.06,43.51,67-87,154,15
Passenger Ferry (Copy 1),46.05,44.57,119-148,267,21
Kree Commandos (Copy 3),46.05,42.61,49-66,115,8
Cowabunga! (Copy 2),46.05,38.46,20-32,52,4
Honest Work (Copy 1),46.05,38.46,20-32,52,5
Hell's Kitchen (Copy 2),46.05,38.46,20-32,52,7
Machinesmith Automaton (Copy 2),46.04,45.28,235-284,519,35
HULK SMASH! (Copy 1),46.04,45.76,659-781,1440,92
Murdock's Crusade (Copy 2),46.03,45.01,176-215,391,31
"Ultron, Artificial Malevolence (Copy 1)",46.03,44.06,89-113,202,12
"Agent 13, Sharon Carter (Copy 1)",46.03,45.36,269-324,593,39
Super-Adaptoid (Copy 1),46.03,45.05,182-222,404,24
"Silk, Web Weaver (Copy 1)",46.03,30.77,8-18,26,2
Undercity Eliminator (Copy 1),46.03,30.77,8-18,26,2
"Aang, Swift Savior // Aang and La, Ocean's Fury (Copy 1)",46.03,30.77,8-18,26,3
Foggy Swamp Spirit Keeper (Copy 1),46.02,40.79,31-45,76,7
Undercity Sewers (Copy 1),46.02,15.38,2-11,13,1
Eerie Gravestone (Copy 1),46.02,44.35,106-133,239,22
"April O'Neil, Kunoichi Trainee (Copy 1)",46.02,40.79,31-45,76,10
Forest (Copy 5),46.02,15.38,2-11,13,3
Razzle-Dazzler (Copy 2),46.02,15.38,2-11,13,2
"Starling, Aerial Ally (Copy 2)",46.02,15.38,2-11,13,2
Fire Nation Palace (Copy 1),46.02,15.38,2-11,13,1
"Elektra, Daughter of the Hand (Copy 3)",46.02,15.38,2-11,13,1
Go Nuts! (Copy 3),46.01,39.68,25-38,63,5
Samwise Gamgee (Copy 1),45.99,35.14,13-24,37,3
Stegron the Dinosaur Man (Copy 1),45.99,44.3,105-132,237,22
"Mona Lisa, Science Geek (Copy 1)",45.99,41.38,36-51,87,7
Saruman the White (Copy 1),45.99,35.14,13-24,37,4
Subterranean Cavern (Copy 1),45.98,45.53,402-481,883,58
S.H.I.E.L.D. Deployment Drone (Copy 3),45.98,40.54,30-44,74,9
Red Room Recruit (Copy 2),45.97,45.03,195-238,433,34
"Michelangelo, Weirdness to 11 (Copy 1)",45.97,29.17,7-17,24,3
Price of Freedom (Copy 1),45.97,29.17,7-17,24,3
Macabre Reconstruction (Copy 1),45.96,44.4,115-144,259,19
West Wind Avatar (Copy 1),45.96,39.34,24-37,61,6
Wakandan Royal Guard (Copy 1),45.95,45.72,795-944,1739,102
"Ray Fillet, Man Ray (Copy 2)",45.95,9.09,1-10,11,1
Mouser Foundry (Copy 2),45.95,9.09,1-10,11,1
North Wind Avatar (Copy 1),45.95,9.09,1-10,11,1
Ice Cream Kitty (Copy 2),45.95,9.09,1-10,11,1
Quarrel's End (Copy 2),45.95,9.09,1-10,11,2
Brandywine Farmer (Copy 2),45.95,9.09,1-10,11,2
Meditation Pools (Copy 1),45.95,42.62,52-70,122,14
Platypus-Bear (Copy 2),45.95,9.09,1-10,11,2
Bite Down on Crime (Copy 1),45.94,44.09,97-123,220,18
Call Damage Control (Copy 1),45.93,45.65,672-800,1472,93
Neutralize the Guards (Copy 1),45.93,42.2,46-63,109,8
Uncle Iroh (Copy 1),45.93,40.28,29-43,72,6
"Jackal, Genius Geneticist (Copy 1)",45.93,34.29,12-23,35,3
Web Up (Copy 3),45.93,42.2,46-63,109,11
South Pole Voyager (Copy 1),45.93,40.28,29-43,72,7
Iron-Fist Pulverizer (Copy 1),45.92,44.31,113-142,255,25
Hawkeye's Bow (Copy 1),45.92,45.65,704-838,1542,93
Esquire of the King (Copy 1),45.92,42.86,57-76,133,11
Secret Identity (Copy 1),45.92,41.67,40-56,96,8
"Professor Zei, Anthropologist (Copy 1)",45.92,41.67,40-56,96,9
"Iron Lad, Diverging Destiny (Copy 1)",45.91,45.27,292-353,645,41
Angry Rabble (Copy 1),45.91,43.65,79-102,181,18
Buzz Bots (Copy 1),45.91,42.5,51-69,120,10
Hex Magic (Copy 2),45.91,38.98,23-36,59,4
"Hercules, Prince of Power (Copy 1)",45.9,45.47,437-524,961,61
Arc Reactor (Copy 2),45.9,27.27,6-16,22,3
Fog on the Barrow-Downs (Copy 1),45.9,44.1,101-128,229,18
The Pride of Hull Clade (Copy 1),45.9,27.27,6-16,22,2
Zuko's Exile (Copy 2),45.9,27.27,6-16,22,3
Trickster's Stratagem (Copy 1),45.89,45.63,725-864,1589,99
Agency Coroner (Copy 1),45.88,41.49,39-55,94,11
Borough Backup (Copy 1),45.88,45.61,707-843,1550,98
Swamp (Copy 4),45.88,41.49,39-55,94,10
"Captain America, Living Legend (Copy 2)",45.88,40.0,28-42,70,7
"Black Widow, Double Agent (Copy 2)",45.88,40.0,28-42,70,7
Prismatic Vista (Copy 1),45.87,0.0,0-9,9,1
"Jem Lightfoote, Sky Explorer (Copy 1)",45.87,0.0,0-9,9,2
Otter-Penguin (Copy 2),45.87,0.0,0-9,9,2
Kraven's Cats (Copy 3),45.87,0.0,0-9,9,2
Elven Chorus (Copy 1),45.87,0.0,0-9,9,1
Heartbeat of Spring (Copy 1),45.87,0.0,0-9,9,1
Avatar Enthusiasts (Copy 2),45.87,0.0,0-9,9,1
Geyser Leaper (Copy 2),45.87,0.0,0-9,9,1
Combustion Technique (Copy 2),45.87,0.0,0-9,9,1
Blooming Marsh (Copy 1),45.86,40.74,33-48,81,7
"Beetle, Legacy Criminal (Copy 1)",45.85,44.0,99-126,225,22
Ka-Zar of the Savage Land (Copy 1),45.84,45.27,330-399,729,48
Team Tactics (Copy 1),45.84,45.32,358-432,790,51
A.I.M. Scientists (Copy 2),45.83,44.92,208-255,463,38
Electro's Bolt (Copy 1),45.83,44.07,104-132,236,25
Sudden Strike (Copy 1),45.83,42.24,49-67,116,13
"Spider-Man, Brooklyn Visionary (Copy 1)",45.83,44.23,115-145,260,19
Easterling Vanguard (Copy 1),45.83,43.62,82-106,188,16
Surgical Extraction (Copy 1),45.83,25.0,5-15,20,3
Master Pakku (Copy 1),45.83,39.71,27-41,68,6
"Daredevil, Man Without Fear (Copy 1)",45.82,44.76,175-216,391,24
Rock Soldiers (Copy 1),45.82,43.72,87-112,199,21
Raucous Audience (Copy 1),45.81,43.81,92-118,210,18
Stone of Erech (Copy 1),45.81,38.18,21-34,55,4
Plains (Copy 4),45.81,40.51,32-47,79,11
Forecasting Fortune Teller (Copy 1),45.8,43.55,81-105,186,18
Rattleback Apothecary (Copy 1),45.8,32.26,10-21,31,3
Stern Scolding (Copy 1),45.79,41.11,37-53,90,7
Snarling Gorehound (Copy 1),45.78,42.4,53-72,125,11
"Mockingbird, Ace Agent (Copy 2)",45.78,39.39,26-40,66,6
Machinesmith Automaton (Copy 3),45.78,39.39,26-40,66,6
Surveillance Room (Copy 3),45.78,39.39,26-40,66,8
"Hellcat, Undying Vigilante (Copy 1)",45.77,45.29,404-488,892,57
Foot Elite (Copy 1),45.77,43.12,69-91,160,16
Shadowy Backstreet (Copy 1),45.76,22.22,4-14,18,2
"Flash Thompson, Spider-Fan (Copy 1)",45.76,40.26,31-46,77,9
Jennika's Technique (Copy 1),45.76,40.26,31-46,77,8
Fiery Inscription (Copy 1),45.76,22.22,4-14,18,2
Guerrilla Gorilla (Copy 1),45.75,45.48,719-862,1581,100
"Marchesa, Dealer of Death (Copy 1)",45.74,31.03,9-20,29,3
Turtle Power! (Copy 1),45.74,31.03,9-20,29,4
Jace Reawakened (Copy 1),45.74,31.03,9-20,29,3
Fire Nation Attacks (Copy 1),45.73,42.54,57-77,134,11
"Spider-Man, Web-Slinger (Copy 1)",45.73,43.52,84-109,193,19
"Wiccan, Rising Magician (Copy 1)",45.72,45.24,409-495,904,56
The Kingpin of Crime (Copy 1),45.71,44.85,222-273,495,31
Isolation at Orthanc (Copy 1),45.71,43.72,94-121,215,18
Ruinous Waterbending (Copy 1),45.71,42.76,62-83,145,11
Frozen in Ice (Copy 1),45.7,45.43,731-878,1609,102
HYDRA Infiltration (Copy 1),45.7,45.38,604-727,1331,85
Foray of Orcs (Copy 1),45.7,37.25,19-32,51,6
Hedge Maze (Copy 1),45.69,18.75,3-13,16,2
Mechanized Ninja Cavalry (Copy 2),45.69,18.75,3-13,16,3
"Spider-Woman, Stunning Savior (Copy 1)",45.69,18.75,3-13,16,2
Claim the Kingdom (Copy 1),45.68,45.1,336-409,745,48
"Agent 13, Sharon Carter (Copy 2)",45.68,38.71,24-38,62,4
HYDRA Assault Robot (Copy 2),45.67,44.48,161-201,362,27
"Toph, Hardheaded Teacher (Copy 1)",45.67,29.63,8-19,27,2
Lightning Strike (Copy 1),45.66,45.41,781-939,1720,113
Destined Confrontation (Copy 1),45.66,39.73,29-44,73,5
"Whiplash, Vengeful Engineer (Copy 1)",45.65,45.03,317-387,704,46
Agent Venom (Copy 1),45.65,34.21,13-25,38,3
"Captain Mar-Vell, Space-Born (Copy 1)",45.64,44.85,248-305,553,40
"Chameleon, Master of Disguise (Copy 1)",45.64,42.55,60-81,141,12
Firebending Lesson (Copy 1),45.64,41.05,39-56,95,8
Scroll of Isildur (Copy 1),45.64,36.73,18-31,49,6
Irascible Wolverine (Copy 1),45.64,42.55,60-81,141,13
Heroes' Hangout (Copy 1),45.62,41.88,49-68,117,13
No More Lies (Copy 1),45.62,38.33,23-37,60,6
Bold Biochemist (Copy 3),45.62,38.33,23-37,60,6
"Shredder, Unrelenting (Copy 1)",45.61,39.44,28-43,71,7
Helicarrier Strike (Copy 4),45.61,14.29,2-12,14,2
Rapid Rescue (Copy 2),45.6,44.62,199-247,446,33
Super-Soldier Serum (Copy 1),45.6,44.28,147-185,332,21
"Appa, Loyal Sky Bison (Copy 1)",45.6,28.0,7-18,25,4
Leader's Talent (Copy 1),45.6,28.0,7-18,25,4
"Crossbones, Malicious Mercenary (Copy 1)",45.59,44.95,307-376,683,48
Powerful Broker (Copy 3),45.59,33.33,12-24,36,5
Guerrilla Gorilla (Copy 3),45.59,33.33,12-24,36,4
Wizard's Rockets (Copy 1),45.58,43.17,79-104,183,19
Epic Fight (Copy 1),45.58,43.82,110-141,251,20
Razor Rings (Copy 1),45.57,43.61,99-128,227,17
Metalhead (Copy 1),45.57,37.93,22-36,58,9
Monstrous Rage (Copy 1),45.54,8.33,1-11,12,1
Steel Wrecking Ball (Copy 2),45.54,8.33,1-11,12,2
The Legend of Kuruk // Avatar Kuruk (Copy 2),45.54,8.33,1-11,12,1
We Say Thee Nay! (Copy 4),45.54,8.33,1-11,12,1
Audience with Trostani (Copy 1),45.53,26.09,6-17,23,3
Swampsnare Trap (Copy 1),45.53,42.68,67-90,157,17
Hero in Training (Copy 2),45.52,44.52,199-248,447,33
We Say Thee Nay! (Copy 2),45.52,44.54,204-254,458,37
Professional Wrestler (Copy 1),45.52,43.02,77-102,179,16
Ninja of the Hand (Copy 3),45.52,32.35,11-23,34,5
Quarrel's End (Copy 1),45.52,42.86,72-96,168,13
Galadriel of Lothlórien (Copy 1),45.52,35.56,16-29,45,5
We Say Thee Nay! (Copy 1),45.51,45.2,655-794,1449,91
Avengers Hangar (Copy 2),45.51,39.74,31-47,78,7
Horses of the Bruinen (Copy 1),45.51,39.74,31-47,78,6
Heartless Act (Copy 1),45.51,37.5,21-35,56,6
Insectoid Exterminator (Copy 1),45.5,40.45,36-53,89,9
"Quake, Agent of S.H.I.E.L.D. (Copy 1)",45.49,44.75,273-337,610,39
Peter Parker // Amazing Spider-Man (Copy 1),45.45,0.0,0-10,10,2
Kyoshi Village (Copy 1),45.45,39.47,30-46,76,8
"White Tiger, Ava Ayala (Copy 3)",45.45,0.0,0-10,10,1
"Zhao, Ruthless Admiral (Copy 1)",45.45,0.0,0-10,10,2
Spinneret and Spiderling (Copy 1),45.45,34.88,15-28,43,4
The Masters of Evil (Copy 1),45.43,44.93,412-505,917,59
K'un-Lun Warrior (Copy 1),45.42,45.16,769-934,1703,108
Toxin Analysis (Copy 1),45.42,42.93,79-105,184,14
"Ares, God of War (Copy 1)",45.41,44.05,148-188,336,23
Depower (Copy 3),45.41,41.53,49-69,118,9
Truck Toss (Copy 2),45.41,40.0,34-51,85,7
Project Deathlok Soldier (Copy 2),45.4,43.63,113-146,259,19
Combustion Man (Copy 1),45.4,38.1,24-39,63,5
Kingpin's Enforcers (Copy 2),45.4,44.53,236-294,530,37
Spider-Bot (Copy 1),45.38,43.73,122-157,279,24
Sold Out (Copy 2),45.38,30.0,9-21,30,3
North Pole Patrol (Copy 1),45.38,30.0,9-21,30,4
Wall Crawl (Copy 1),45.38,42.28,63-86,149,13
Sokka's Haiku (Copy 1),45.38,21.05,4-15,19,2
Isolation at Orthanc (Copy 2),45.38,21.05,4-15,19,3
"Tinybones, the Pickpocket (Copy 1)",45.38,21.05,4-15,19,3
Meriadoc Brandybuck (Copy 1),45.37,41.73,53-74,127,11
"Winter Soldier, Icy Assassin (Copy 1)",45.37,44.29,190-239,429,28
Errand-Rider of Gondor (Copy 1),45.37,40.95,43-62,105,9
Kingpin's Enforcers (Copy 1),45.34,45.07,768-936,1704,104
"Quicksilver, Brash Blur (Copy 1)",45.34,44.13,169-214,383,28
Took Reaper (Copy 1),45.34,43.24,96-126,222,19
Mouser Foundry (Copy 1),45.34,43.24,96-126,222,23
Bebop & Rocksteady (Copy 1),45.32,33.33,13-26,39,4
Swamp (Copy 2),45.3,44.77,398-491,889,73
Improvised Club (Copy 1),45.3,41.79,56-78,134,11
"Black Widow, Super Spy (Copy 1)",45.3,42.93,85-113,198,13
"Bristly Bill, Spine Sower (Copy 1)",45.3,17.65,3-14,17,2
"Anzrag, the Quake-Mole (Copy 1)",45.3,17.65,3-14,17,2
Unliving Legionnaire (Copy 1),45.29,44.97,680-832,1512,99
Barrow-Blade (Copy 1),45.29,38.57,27-43,70,5
Consuming Ashes (Copy 1),45.28,43.46,113-147,260,22
Murdock's Crusade (Copy 1),45.27,44.95,667-817,1484,94
Atlantean Cavalry (Copy 2),45.27,44.22,199-251,450,33
Rough Rhino Cavalry (Copy 1),45.27,41.96,60-83,143,13
"Vulture, Scheming Scavenger (Copy 1)",45.27,40.59,41-60,101,9
"Ant-Man, Colony Commander (Copy 2)",45.26,42.53,74-100,174,15
Selfless Police Captain (Copy 1),45.26,43.49,117-152,269,24
Island (Copy 1),45.25,45.03,937-1144,2081,133
Serpent Specialist (Copy 1),45.25,44.94,693-849,1542,101
Tale of Tinúviel (Copy 1),45.25,39.24,31-48,79,7
"Mockingbird, Ace Agent (Copy 1)",45.24,44.64,354-439,793,50
"She-Hulk, Jade Defender (Copy 1)",45.24,44.54,302-376,678,42
Dust Animus (Copy 1),45.24,38.24,26-42,68,7
Featherbrained Filcher (Copy 1),45.24,38.24,26-42,68,9
Hour of Defeat (Copy 2),45.23,43.62,130-168,298,24
Vision of Love (Copy 2),45.23,44.18,201-254,455,35
Decoy Ploy (Copy 1),45.22,44.83,551-678,1229,83
"Stature, Size Shifter (Copy 1)",45.22,44.61,352-437,789,50
Simulacrum Synthesizer (Copy 1),45.22,13.33,2-13,15,2
Crimson Operative (Copy 1),45.21,44.9,691-848,1539,97
Orcish Medicine (Copy 1),45.21,42.71,82-110,192,16
Shady Informant (Copy 1),45.2,42.54,77-104,181,15
Hot Dog Cart (Copy 1),45.19,43.43,119-155,274,25
The Earth King (Copy 1),45.19,31.43,11-24,35,4
Outcaster Greenblade (Copy 1),45.19,31.43,11-24,35,5
Soured Springs (Copy 1),45.18,37.88,25-41,66,6
A.I.M. Synthoids (Copy 2),45.18,44.3,245-308,553,40
Ioreth of the Healing House (Copy 1),45.18,41.41,53-75,128,9
Giant Koi (Copy 1),45.16,42.86,90-120,210,18
"Calamity, Galloping Inferno (Copy 1)",45.16,25.0,6-18,24,3
Spider-Man India (Copy 1),45.16,39.53,34-52,86,8
"Ironheart, Clever Champion (Copy 1)",45.16,43.15,104-137,241,18
Nimble Hobbit (Copy 1),45.16,42.86,90-120,210,18
Cactusfolk Sureshot (Copy 1),45.16,39.53,34-52,86,8
S.H.I.E.L.D. Helicarrier (Copy 1),45.14,44.49,331-413,744,49
Cryptic Coat (Copy 1),45.14,34.09,15-29,44,5
Pick Your Poison (Copy 1),45.14,38.67,29-46,75,7
Vraska Joins Up (Copy 1),45.14,34.09,15-29,44,5
Prince Imrahil the Fair (Copy 1),45.12,37.5,24-40,64,6
Giant Growth (Copy 1),45.11,44.8,706-870,1576,95
HULK SMASH! (Copy 3),45.11,39.29,33-51,84,7
Projektor Inspector (Copy 2),45.11,30.3,10-23,33,3
Omashu City (Copy 1),45.1,35.85,19-34,53,5
Vitu-Ghazi Inspector (Copy 1),45.09,43.09,106-140,246,20
"June, Bounty Hunter (Copy 1)",45.09,38.36,28-45,73,6
"Killmonger, Scourge of Wakanda (Copy 2)",45.08,22.73,5-17,22,2
Lost in the Maze (Copy 1),45.07,33.33,14-28,42,5
Cast into the Fire (Copy 1),45.06,41.83,64-89,153,17
Ozai's Cruelty (Copy 1),45.06,37.1,23-39,62,8
Stolen Stark Tech (Copy 1),45.05,44.75,742-916,1658,105
Common Crook (Copy 1),45.05,42.72,91-122,213,21
Soldier of the Grey Host (Copy 1),45.05,42.2,73-100,173,13
The Wondrous Wasp (Copy 2),45.05,0.0,0-11,11,1
Don't Move (Copy 1),45.05,0.0,0-11,11,1
Spider-Islanders (Copy 2),45.05,0.0,0-11,11,2
A.I.M. Scientists (Copy 1),45.04,44.73,722-892,1614,102
Magnetic Snuffler (Copy 1),45.04,29.03,9-22,31,6
Broadcast Takeover (Copy 1),45.04,29.03,9-22,31,3
The Scarlet Witch (Copy 1),45.04,43.45,136-177,313,19
Outlaw Stitcher (Copy 1),45.03,39.56,36-55,91,9
Fire Lord Zuko (Copy 1),45.03,38.03,27-44,71,7
Brave Brawler (Copy 1),45.02,44.7,691-855,1546,96
Mechanical Mobster (Copy 1),45.0,42.92,103-137,240,20
Push // Pull (Copy 1),45.0,20.0,4-16,20,4
K'un-Lun Warrior (Copy 3),45.0,40.83,49-71,120,9
Wojek Investigator (Copy 1),45.0,20.0,4-16,20,2
Stew the Coneys (Copy 1),45.0,32.5,13-27,40,5
"Mister Fantastic, Reed Richards (Copy 1)",44.99,44.42,386-483,869,56
Alien Invasion (Copy 1),44.99,43.47,143-186,329,23
Take Up the Shield (Copy 1),44.98,44.64,675-837,1512,97
Otter-Penguin (Copy 1),44.98,42.33,80-109,189,20
"Okoye, Dora Milaje Leader (Copy 2)",44.98,41.61,62-87,149,11
Contagion Engine (Copy 1),44.97,34.69,17-32,49,4
The Neutrinos (Copy 1),44.97,34.69,17-32,49,5
"Iroh, Grand Lotus (Copy 1)",44.97,34.69,17-32,49,4
Super Suit (Copy 2),44.94,43.65,172-222,394,32
Wolfbat (Copy 1),44.94,38.46,30-48,78,7
Skateboard (Copy 1),44.94,38.46,30-48,78,10
"Reptil, Dinomorpher (Copy 1)",44.92,44.16,295-373,668,47
Bagel and Schmear (Copy 1),44.92,42.44,87-118,205,19
Treetop Freedom Fighters (Copy 1),44.91,40.52,47-69,116,12
Decisive Denial (Copy 1),44.91,37.31,25-42,67,4
Peerless Ropemaster (Copy 1),44.9,42.27,82-112,194,17
Guru Pathik (Copy 1),44.9,39.58,38-58,96,9
"Doc Aurlock, Grizzled Genius (Copy 1)",44.9,34.04,16-31,47,5
"Baron Strucker, HYDRA Overlord (Copy 1)",44.89,44.16,310-392,702,45
I Am Iron Man (Copy 2),44.89,43.8,205-263,468,39
"Ms. Marvel, Kamala Khan (Copy 1)",44.88,43.06,121-160,281,18
Willow-Wind (Copy 1),44.88,42.36,86-117,203,19
"Delney, Streetwise Lookout (Copy 1)",44.88,25.93,7-20,27,2
A.I.M. Synthoids (Copy 1),44.87,44.56,729-907,1636,100
Shredder's Revenge (Copy 1),44.85,42.29,85-116,201,18
Nimrodel Watcher (Copy 1),44.85,42.86,111-148,259,21
Amazing Acrobatics (Copy 1),44.84,42.38,89-121,210,21
Raucous Theater (Copy 1),44.81,35.19,19-35,54,6
Protector of Gondor (Copy 1),44.81,35.19,19-35,54,7
Great Divide Guide (Copy 1),44.8,24.0,6-19,25,3
"Living Brain, Mechanical Marvel (Copy 1)",44.8,40.5,49-72,121,12
"Black Panther, Vanguard (Copy 1)",44.79,44.11,341-432,773,52
"Swordsman, Sharp Scoundrel (Copy 1)",44.78,44.1,340-431,771,50
Lightning Strike (Copy 3),44.78,39.6,40-61,101,11
Mongoose Lizard (Copy 1),44.77,41.01,57-82,139,14
"Ghost, Spectral Saboteur (Copy 1)",44.77,44.18,395-499,894,57
Surrounded by Orcs (Copy 1),44.77,42.23,87-119,206,19
Panther Pounce (Copy 1),44.76,44.37,591-741,1332,87
Out Cold (Copy 1),44.76,41.22,61-87,148,12
Mouser Mark III (Copy 1),44.76,41.22,61-87,148,17
Avatar Enthusiasts (Copy 1),44.75,40.34,48-71,119,11
Shadow Summoning (Copy 1),44.74,7.14,1-13,14,2
Steel Wrecking Ball (Copy 1),44.73,42.25,90-123,213,21
Many Partings (Copy 1),44.72,42.34,94-128,222,20
Super-Skrull (Copy 2),44.72,36.07,22-39,61,4
"The Boulder, Ready to Rumble (Copy 1)",44.72,21.74,5-18,23,4
Hypothesizzle (Copy 1),44.7,28.12,9-23,32,3
Unscrupulous Contractor (Copy 1),44.69,37.97,30-49,79,10
Cat-Gator (Copy 1),44.69,37.97,30-49,79,8
Wose Pathfinder (Copy 1),44.68,40.74,55-80,135,13
"Venus, Torn Between Worlds (Copy 1)",44.68,31.71,13-28,41,4
"Kraum, Violent Cacophony (Copy 1)",44.68,31.71,13-28,41,4
Sun-Blessed Peak (Copy 1),44.67,39.18,38-59,97,9
Island (Copy 2),44.66,44.11,427-541,968,77
Gold Pan (Copy 1),44.66,41.36,67-95,162,14
The Spot's Portal (Copy 1),44.65,40.0,46-69,115,12
Voidslime (Copy 1),44.64,0.0,0-12,12,2
Hog-Monkey (Copy 2),44.64,0.0,0-12,12,2
Mouser Attack! (Copy 2),44.63,19.05,4-17,21,4
The Kingpin of Crime (Copy 2),44.62,26.67,8-22,30,2
Culvert Ambusher (Copy 1),44.62,26.67,8-22,30,3
Uruk-hai Berserker (Copy 1),44.61,41.42,70-99,169,12
Tolls of War (Copy 1),44.6,30.77,12-27,39,4
Super Villain Lockup (Copy 1),44.6,43.74,276-355,631,45
"Iroh, Tea Master (Copy 1)",44.6,30.77,12-27,39,5
Mirror of Galadriel (Copy 1),44.6,30.77,12-27,39,4
Gallant Citizen (Copy 1),44.59,42.71,123-165,288,26
Kid Loki (Copy 1),44.59,43.8,300-385,685,46
"Sméagol, Helpful Guide (Copy 1)",44.59,35.09,20-37,57,5
"Black Widow, Double Agent (Copy 1)",44.58,43.91,353-451,804,54
Loan Shark (Copy 1),44.58,40.94,61-88,149,14
Enraged Huorn (Copy 1),44.58,40.71,57-83,140,12
Birthday Escape (Copy 1),44.57,37.33,28-47,75,8
Curious Farm Animals (Copy 1),44.56,38.71,36-57,93,10
Baron Bertram Graywater (Copy 1),44.55,39.64,44-67,111,8
Spinewoods Paladin (Copy 1),44.54,40.58,56-82,138,14
"Invisible Woman, Sue Storm (Copy 2)",44.54,40.31,52-77,129,11
Dark Deed (Copy 1),44.53,43.74,304-391,695,48
Leyline of the Guildpact (Copy 1),44.53,29.73,11-26,37,3
Elegant Parlor (Copy 1),44.53,25.0,7-21,28,3
Thunderbolts Conspiracy (Copy 1),44.52,42.9,145-193,338,23
"Azula, On the Hunt (Copy 1)",44.51,36.99,27-46,73,7
Tomb Trawler (Copy 1),44.5,38.46,35-56,91,8
Rune-Brand Juggler (Copy 1),44.5,39.45,43-66,109,8
Vibranium Energy Daggers (Copy 1),44.48,44.11,651-825,1476,92
Go Nuts! (Copy 1),44.47,44.07,621-788,1409,89
"The Thing, Ben Grimm (Copy 1)",44.47,43.83,380-487,867,55
Ninja of the Hand (Copy 2),44.44,42.77,142-190,332,24
Hermitic Herbalist (Copy 1),44.44,35.48,22-40,62,7
Training Regimen (Copy 2),44.44,39.25,42-65,107,9
Sam's Desperate Rescue (Copy 1),44.44,40.3,54-80,134,13
Aerial Doombot (Copy 1),44.42,44.04,635-807,1442,94
HYDRA Troopers (Copy 1),44.42,44.04,646-821,1467,99
Morgul-Knife Wound (Copy 1),44.4,41.24,73-104,177,15
Prison Break (Copy 1),44.39,38.54,37-59,96,12
"Iron Fist, Living Weapon (Copy 1)",44.39,43.58,302-391,693,49
Mutant Town Musicians (Copy 1),44.39,39.84,49-74,123,15
Walltop Sentries (Copy 1),44.39,39.47,45-69,114,14
Agents of HYDRA (Copy 2),44.38,43.12,191-252,443,40
"Ronin, Shadow Stalker (Copy 1)",44.38,43.46,266-346,612,41
Ultron Drone (Copy 1),44.37,44.01,691-879,1570,98
"Quickbeam, Upstart Ent (Copy 1)",44.37,33.33,17-34,51,6
Fin Fang Foom (Copy 1),44.37,42.86,159-212,371,25
Bandit's Haul (Copy 1),44.37,33.33,17-34,51,5
Purple Dragon Punks (Copy 1),44.36,40.96,68-98,166,17
Ent's Fury (Copy 1),44.36,40.96,68-98,166,14
"Koh, the Face Stealer (Copy 1)",44.35,20.83,5-19,24,3
"Merry, Esquire of Rohan (Copy 1)",44.35,6.67,1-14,15,2
Swamp (Copy 5),44.35,6.67,1-14,15,3
S.H.I.E.L.D. Helicarrier (Copy 2),44.34,39.29,44-68,112,7
"Shuri, Wakandan Inventor (Copy 1)",44.33,43.59,333-431,764,50
Whoosh! (Copy 1),44.3,41.55,86-121,207,21
Depower (Copy 1),44.29,43.95,737-940,1677,108
"Mister Hyde, Monster Within (Copy 2)",44.29,30.0,12-28,40,4
Subterranean Cavern (Copy 2),44.28,38.61,39-62,101,11
Training Regimen (Copy 1),44.27,43.61,379-490,869,57
Knights of Dol Amroth (Copy 2),44.27,25.81,8-23,31,3
Lembas (Copy 1),44.26,40.0,54-81,135,15
Treacherous Greed (Copy 1),44.26,18.18,4-18,22,3
Waterbending Lesson (Copy 1),44.24,40.83,69-100,169,17
Forest (Copy 1),44.24,43.96,895-1141,2036,140
Captain America's Shield (Copy 1),44.23,42.86,180-240,420,28
Serpent's Pass (Copy 1),44.21,40.14,57-85,142,11
School Daze (Copy 1),44.2,39.52,49-75,124,11
Vibranium Energy Daggers (Copy 3),44.2,28.95,11-27,38,6
"Doc Samson, Super Psychiatrist (Copy 2)",44.17,38.68,41-65,106,8
Rush the Room (Copy 1),44.17,40.98,75-108,183,16
Council's Deliberation (Copy 1),44.15,37.5,33-55,88,9
Kree Sentinel (Copy 2),44.14,42.72,176-236,412,35
Abandon Attachments (Copy 1),44.14,41.63,97-136,233,20
Bender's Waterskin (Copy 1),44.12,40.7,70-102,172,19
Bot Bashing Time (Copy 1),44.12,39.86,55-83,138,17
Book of Mazarbul (Copy 1),44.1,37.89,36-59,95,8
Slithering Cryptid (Copy 1),44.09,40.26,62-92,154,15
"Casey Jones, Vigilante (Copy 1)",44.09,22.22,6-21,27,4
"Gimli, Mournful Avenger (Copy 1)",44.09,22.22,6-21,27,2
Topiary Panther (Copy 1),44.07,39.71,54-82,136,11
Mechanized Ninja Cavalry (Copy 1),44.07,41.48,95-134,229,20
Serpent Specialist (Copy 2),44.06,42.31,143-195,338,29
Lurking Lizards (Copy 1),44.04,41.76,109-152,261,21
Cowabunga! (Copy 1),44.03,39.86,57-86,143,17
Pirate Peddlers (Copy 1),44.03,40.93,79-114,193,16
"Sun-Spider, Nimble Webber (Copy 1)",44.03,26.47,9-25,34,4
Fancy Footwork (Copy 1),44.0,38.0,38-62,100,8
Rodeo Pyromancers (Copy 1),43.99,41.2,89-127,216,22
Breaking of the Fellowship (Copy 1),43.98,41.38,96-136,232,20
White Lotus Hideout (Copy 1),43.98,37.36,34-57,91,9
Swamp (Copy 3),43.97,41.53,103-145,248,25
"SP//dr, Piloted by Peni (Copy 1)",43.97,40.13,63-94,157,15
Visage Bandit (Copy 1),43.97,29.27,12-29,41,5
Superior Spider-Man (Copy 1),43.97,6.25,1-15,16,3
Atlantean Cavalry (Copy 3),43.96,36.59,30-52,82,8
Hero in Training (Copy 3),43.92,37.08,33-56,89,10
"Human Torch, Johnny Storm (Copy 2)",43.92,31.25,15-33,48,4
Hog-Monkey (Copy 1),43.92,40.82,80-116,196,18
Agent of Atlas (Copy 1),43.91,43.47,602-783,1385,86
"Speedball, New Warrior (Copy 1)",43.9,43.1,328-433,761,50
Meteor Sword (Copy 1),43.9,17.39,4-19,23,5
A.I.M. Labs (Copy 1),43.89,43.21,388-510,898,62
HYDRA Troopers (Copy 3),43.89,38.84,47-74,121,10
Punk Frogs (Copy 1),43.88,40.45,72-106,178,21
"Hama, the Bloodbender (Copy 1)",43.88,28.21,11-28,39,5
Foggy Swamp Hunters (Copy 1),43.87,39.87,61-92,153,16
"Tigra, Feline Fury (Copy 2)",43.87,32.73,18-37,55,6
Project Deathlok Soldier (Copy 3),43.86,0.0,0-14,14,2
"Quicksilver, Brash Blur (Copy 2)",43.86,0.0,0-14,14,2
Waterbender Ascension (Copy 1),43.85,36.78,32-55,87,7
Oscorp Industries (Copy 1),43.85,23.33,7-23,30,3
Northern Air Temple (Copy 1),43.85,23.33,7-23,30,3
Plains (Copy 1),43.84,43.57,972-1259,2231,139
Reckless Lackey (Copy 1),43.84,38.66,46-73,119,9
Furtive Courier (Copy 1),43.84,30.43,14-32,46,5
Lash of the Balrog (Copy 1),43.83,39.26,53-82,135,14
Skulduggery (Copy 1),43.82,35.9,28-50,78,9
Evil's Thrall (Copy 1),43.81,42.9,293-390,683,43
"Invisible Woman, Sue Storm (Copy 1)",43.81,42.97,318-422,740,48
Kid Loki (Copy 2),43.81,37.23,35-59,94,6
Hire a Crew (Copy 1),43.79,43.34,592-774,1366,92
Rowdy Snowballers (Copy 2),43.79,32.08,17-36,53,7
Giant-Sized Flying Ant (Copy 3),43.79,32.08,17-36,53,4
Atlantean Cavalry (Copy 1),43.78,43.32,597-781,1378,93
Armor Wars (Copy 1),43.78,41.72,126-176,302,20
Arc Reactor (Copy 1),43.78,42.15,161-221,382,24
Agent of Atlas (Copy 2),43.78,42.21,168-230,398,30
Pym Particles (Copy 1),43.76,42.86,297-396,693,43
Daily Bugle Reporters (Copy 1),43.75,41.27,104-148,252,23
The Torment of Gollum (Copy 1),43.75,37.96,41-67,108,10
Brimstone Roundup (Copy 1),43.75,33.33,20-40,60,7
Forensic Researcher (Copy 1),43.75,21.43,6-22,28,2
"Old Hob, Alleycat Blues (Copy 1)",43.75,29.55,13-31,44,6
Novice Inspector (Copy 1),43.73,40.76,86-125,211,17
"Captain America, Wings of Freedom (Copy 1)",43.72,41.49,117-165,282,20
Pym Technologies (Copy 2),43.71,34.33,23-44,67,8
Cunning Coyote (Copy 1),43.71,34.33,23-44,67,5
Commercial District (Copy 1),43.7,10.53,2-17,19,3
Futurist Forge (Copy 3),43.7,25.71,9-26,35,4
Wakandan Royal Guard (Copy 2),43.69,42.04,161-222,383,29
"Hulkling, Burgeoning Bruiser (Copy 2)",43.67,32.76,19-39,58,7
"Wingnut, Bat on the Belfry (Copy 1)",43.67,32.76,19-39,58,7
S.H.I.E.L.D. Spy Kit (Copy 2),43.65,41.64,132-185,317,26
With Great Power . . . (Copy 1),43.65,35.8,29-52,81,6
Bovine Intervention (Copy 1),43.64,38.97,53-83,136,10
Volcanic Villain (Copy 1),43.63,43.12,539-711,1250,80
Unauthorized Exit (Copy 1),43.63,37.5,39-65,104,10
"Silver Sable, Mercenary Leader (Copy 1)",43.62,30.61,15-34,49,9
Yuyan Archers (Copy 1),43.61,40.72,90-131,221,18
S.H.I.E.L.D. Deployment Drone (Copy 1),43.61,43.18,636-837,1473,97
Cat-Owl (Copy 1),43.6,40.21,76-113,189,19
"Ronin, Shadow Stalker (Copy 2)",43.6,34.72,25-47,72,8
Haradrim Spearmaster (Copy 2),43.59,5.88,1-16,17,2
Pumpkin Bombardment (Copy 1),43.58,40.31,79-117,196,23
Spirit Water Revival (Copy 1),43.55,16.67,4-20,24,3
Groundchuck & Dirtbag (Copy 1),43.54,29.79,14-33,47,5
Metamorphic Blast (Copy 1),43.51,31.48,17-37,54,7
Borough Backup (Copy 3),43.51,22.58,7-24,31,4
Bag End Porter (Copy 1),43.5,38.21,47-76,123,12
Rot Farm Mortipede (Copy 1),43.49,39.64,67-102,169,14
Galadhrim Bow (Copy 1),43.49,39.64,67-102,169,16
Agent Maria Hill (Copy 1),43.48,42.52,287-388,675,43
Transmutation Font (Copy 1),43.44,13.64,3-19,22,2
Nobody (Copy 1),43.42,39.78,72-109,181,21
Swarming of Moria (Copy 1),43.42,39.78,72-109,181,16
Doom Reigns Supreme (Copy 1),43.42,41.25,125-178,303,21
Gold Rush (Copy 1),43.41,20.69,6-23,29,4
"Morlun, Devourer of Spiders (Copy 1)",43.41,20.69,6-23,29,6
"Luke Cage, Power Man (Copy 1)",43.39,42.41,285-387,672,47
Savage Mansion (Copy 1),43.36,39.1,61-95,156,17
Servant of the Stinger (Copy 1),43.35,34.25,25-48,73,10
Frozen in Ice (Copy 2),43.35,42.04,214-295,509,39
"Hei Bai, Spirit of Balance (Copy 1)",43.33,37.27,41-69,110,10
Heroic Intervention (Copy 1),43.33,37.27,41-69,110,8
Platypus-Bear (Copy 1),43.32,39.55,70-107,177,16
Widow's Bite (Copy 1),43.31,42.86,627-836,1463,94
Blazing Crescendo (Copy 3),43.31,31.58,18-39,57,7
Second Breakfast (Copy 1),43.3,39.13,63-98,161,16
Projektor Inspector (Copy 1),43.28,38.41,53-85,138,9
Pretending Poxbearers (Copy 1),43.28,38.41,53-85,138,14
Masked Meower (Copy 1),43.28,36.63,37-64,101,12
The Masters of Evil (Copy 2),43.24,37.7,46-76,122,11
Plains (Copy 2),43.19,42.57,464-626,1090,94
Fatal Fissure (Copy 1),43.18,34.21,26-50,76,5
Sparring Dummy (Copy 1),43.15,28.26,13-33,46,5
Machinesmith Automaton (Copy 1),43.15,42.7,655-879,1534,95
"Misty Knight, Hero for Hire (Copy 1)",43.15,41.99,249-344,593,41
"Elektra, Daughter of the Hand (Copy 2)",43.15,28.26,13-33,46,4
"Iron Man, Master of Machines (Copy 1)",43.14,42.11,280-385,665,47
Kraven's Cats (Copy 1),43.14,39.7,79-120,199,18
"Flopsie, Bumi's Buddy (Copy 1)",43.14,36.54,38-66,104,10
Highway Robbery (Copy 1),43.14,38.71,60-95,155,14
Seismic Sense (Copy 1),43.12,31.67,19-41,60,6
Political Triumph (Copy 1),43.11,42.11,288-396,684,45
Dunland Crebain (Copy 1),43.1,40.39,103-152,255,20
"Arnim Zola, Bio-Fanatic (Copy 2)",43.07,24.32,9-28,37,4
Watery Grasp (Copy 1),43.06,39.36,74-114,188,17
Wrench (Copy 1),43.06,27.27,12-32,44,5
"Storm, Windrider (Copy 1)",43.05,40.45,108-159,267,20
Baxter Building (Copy 1),43.03,42.09,314-432,746,52
Haunt of the Dead Marshes (Copy 1),43.03,40.08,95-142,237,21
Hex Magic (Copy 1),43.02,41.99,283-391,674,47
"Shadowfax, Lord of Horses (Copy 1)",43.02,34.18,27-52,79,7
Insidious Roots (Copy 1),43.0,36.45,39-68,107,9
"Gimli, Counter of Kills (Copy 1)",43.0,36.45,39-68,107,8
I Am Iron Man (Copy 1),42.99,42.54,667-901,1568,101
Long Goodbye (Copy 1),42.99,36.84,42-72,114,10
Friendly Neighborhood (Copy 1),42.97,17.86,5-23,28,5
"Shelob, Child of Ungoliant (Copy 1)",42.97,17.86,5-23,28,3
Brave Brawler (Copy 3),42.96,26.19,11-31,42,4
"Fear, Fire, Foes! (Copy 1)",42.93,34.52,29-55,84,7
"Leonardo, Big Brother (Copy 1)",42.91,38.31,59-95,154,18
Island (Copy 3),42.9,39.73,89-135,224,28
Rowdy Snowballers (Copy 1),42.9,39.73,89-135,224,20
Repulsor Blast (Copy 2),42.88,41.61,233-327,560,39
Gleaming Bastion (Copy 1),42.88,41.36,194-275,469,31
East-Mark Cavalier (Copy 1),42.86,38.16,58-94,152,14
Bumi Bash (Copy 2),42.86,5.26,1-18,19,3
Kraven's Cats (Copy 2),42.86,15.38,4-22,26,4
Earth Village Ruffians (Copy 1),42.8,38.0,57-93,150,13
"Starling, Aerial Ally (Copy 1)",42.79,37.21,48-81,129,11
Punishing Punch (Copy 2),42.77,30.51,18-41,59,6
Banish from Edoras (Copy 1),42.76,38.95,74-116,190,15
The Chase Is On (Copy 1),42.75,38.64,68-108,176,15
"Aragorn, Company Leader (Copy 1)",42.75,23.68,9-29,38,4
The Torment of Gollum (Copy 2),42.74,0.0,0-17,17,2
Romantic Rendezvous (Copy 1),42.73,39.75,97-147,244,21
Knight of Wundagore (Copy 2),42.73,40.59,138-202,340,25
Spider-Islanders (Copy 1),42.72,39.35,85-131,216,20
Volcanic Villain (Copy 2),42.7,40.62,143-209,352,27
Los Diablos Missile Base (Copy 1),42.69,41.95,414-573,987,65
Kyoshi Island Plaza (Copy 1),42.68,29.82,17-40,57,6
H.E.R.B.I.E. Scout Unit (Copy 3),42.68,29.82,17-40,57,6
Avengers Assemble! (Copy 1),42.67,37.12,49-83,132,10
Invasion Submersible (Copy 1),42.67,28.0,14-36,50,5
"Crossbones, Malicious Mercenary (Copy 2)",42.67,28.0,14-36,50,4
Gollum's Bite (Copy 1),42.66,25.58,11-32,43,5
Secret Tunnel (Copy 1),42.66,25.58,11-32,43,4
Crustacean Commando (Copy 1),42.65,35.58,37-67,104,14
Spider-Man Noir (Copy 1),42.64,35.05,34-63,97,10
"Strider, Ranger of the North (Copy 1)",42.6,31.88,22-47,69,7
Cirith Ungol Patrol (Copy 1),42.59,38.04,62-101,163,14
"Doc Samson, Super Psychiatrist (Copy 1)",42.58,41.45,274-387,661,46
Widow's Bite (Copy 2),42.58,40.25,128-190,318,28
Los Diablos Missile Base (Copy 2),42.57,38.78,76-120,196,17
Lost Days (Copy 1),42.56,37.32,53-89,142,18
Hobbit's Sting (Copy 1),42.56,37.32,53-89,142,14
We Say Thee Nay! (Copy 3),42.53,32.43,24-50,74,7
Forest (Copy 2),42.52,41.68,368-515,883,81
Subway Train (Copy 1),42.52,38.81,78-123,201,19
Shire Terrace (Copy 1),42.51,37.41,55-92,147,14
Earthbending Lesson (Copy 1),42.48,37.95,63-103,166,15
"Arnim Zola, Bio-Fanatic (Copy 1)",42.47,41.47,311-439,750,56
Worlds Within Worlds (Copy 1),42.46,39.53,102-156,258,17
Take Up the Shield (Copy 2),42.45,40.79,186-270,456,38
Sanctuary Wall (Copy 1),42.45,35.71,40-72,112,9
Misty Palms Oasis (Copy 1),42.44,31.94,23-49,72,8
Beast Within (Copy 1),42.42,18.75,6-26,32,3
Mordor Trebuchet (Copy 1),42.42,38.58,76-121,197,18
Wild Pack Squad (Copy 1),42.38,39.46,103-158,261,25
Too Evil to Stay Dead (Copy 1),42.34,41.1,254-364,618,42
"Landroval, Horizon Witness (Copy 1)",42.31,16.67,5-25,30,6
Construct a Cosmic Cube (Copy 1),42.3,40.31,156-231,387,28
Thirst for Knowledge (Copy 1),42.28,40.98,243-350,593,44
Abandoned Air Temple (Copy 1),42.28,8.7,2-21,23,3
Savage Land Dinosaur (Copy 3),42.26,30.88,21-47,68,6
Serpent of the Pass (Copy 1),42.26,30.88,21-47,68,11
Aerial Doombot (Copy 2),42.22,40.0,140-210,350,26
Magnifying Glass (Copy 1),42.21,34.34,34-65,99,11
"Iron Man, Master of Machines (Copy 2)",42.18,25.53,12-35,47,4
Borough Backup (Copy 2),42.18,39.15,101-157,258,27
Lively Dirge (Copy 1),42.18,25.53,12-35,47,5
Westfold Rider (Copy 1),42.13,37.01,57-97,154,15
Air Nomad Legacy (Copy 1),42.08,32.53,27-56,83,11
Torch the Witness (Copy 1),42.08,34.31,35-67,102,9
Heroic Feast (Copy 2),42.07,24.44,11-34,45,4
The Astonishing Ant-Man (Copy 1),42.06,39.0,101-158,259,19
Hard-Hitting Question (Copy 1),42.06,11.54,3-23,26,3
Oath of the Grey Host (Copy 1),42.04,28.07,16-41,57,7
Geyser Leaper (Copy 1),42.04,36.55,53-92,145,14
Cease // Desist (Copy 1),42.03,21.05,8-30,38,5
Zuko's Conviction (Copy 1),41.95,31.08,23-51,74,8
Leaves from the Vine (Copy 1),41.94,27.27,15-40,55,6
Stolen Stark Tech (Copy 2),41.91,40.13,183-273,456,39
"Thanos, the Mad Titan (Copy 1)",41.9,34.55,38-72,110,9
Namor the Sub-Mariner (Copy 1),41.89,36.97,61-104,165,10
Stalwarts of Osgiliath (Copy 1),41.88,37.29,66-111,177,18
Futurist Forge (Copy 2),41.87,39.54,138-211,349,31
Hithlain Knots (Copy 1),41.87,37.57,71-118,189,16
Bitter Work (Copy 1),41.85,32.14,27-57,84,8
K'un-Lun Warrior (Copy 2),41.79,39.96,179-269,448,36
Serpent Specialist (Copy 3),41.76,30.0,21-49,70,7
Goblin Fireleaper (Copy 1),41.76,30.0,21-49,70,6
Ambush Gigapede (Copy 1),41.74,35.38,46-84,130,11
Raven Eagle (Copy 1),41.73,11.11,3-24,27,4
Foggy Swamp Vinebender (Copy 1),41.73,36.36,56-98,154,15
Novel Nunchaku (Copy 1),41.73,20.51,8-31,39,7
Fire Nation Raider (Copy 1),41.72,37.37,71-119,190,17
"Meneldor, Swift Savior (Copy 1)",41.72,25.49,13-38,51,5
"Grond, the Gatebreaker (Copy 1)",41.71,32.18,28-59,87,8
Oliphaunt (Copy 1),41.7,37.16,68-115,183,21
Moon Girl and Devil Dinosaur (Copy 1),41.68,39.87,183-276,459,31
Troll of Khazad-dûm (Copy 1),41.67,38.14,90-146,236,18
The Mouth of Sauron (Copy 1),41.61,24.49,12-37,49,5
Cactarantula (Copy 1),41.6,35.51,49-89,138,12
Combustion Technique (Copy 1),41.58,33.33,34-68,102,11
Kree Commandos (Copy 2),41.57,38.94,125-196,321,26
Forest (Copy 4),41.56,25.93,14-40,54,9
Avengers: Under Siege (Copy 1),41.55,37.24,73-123,196,16
Tenderize (Copy 1),41.55,36.96,68-116,184,16
Merchant of Many Hats (Copy 1),41.55,33.64,36-71,107,11
Deceive the Messenger (Copy 1),41.53,35.81,53-95,148,14
"Tigra, Feline Fury (Copy 1)",41.52,40.19,256-381,637,46
Reprieve (Copy 1),41.51,27.12,16-43,59,7
Depower (Copy 2),41.49,39.48,167-256,423,34
Spider-Man No More (Copy 1),41.44,36.2,59-104,163,16
Thwip! (Copy 1),41.4,37.38,80-134,214,20
Rapid Rescue (Copy 3),41.4,26.32,15-42,57,6
Kyoshi Warriors (Copy 1),41.32,36.7,69-119,188,18
"Shriek, Treblemaker (Copy 1)",41.3,18.42,7-31,38,6
Heroic Feast (Copy 1),41.29,38.41,116-186,302,19
Fire Navy Trebuchet (Copy 1),41.25,26.67,16-44,60,8
The Black Breath (Copy 1),41.22,36.73,72-124,196,17
Earthen Ally (Copy 1),41.18,24.53,13-40,53,5
S.H.I.E.L.D. Deployment Drone (Copy 2),41.18,39.02,160-250,410,32
Expose the Culprit (Copy 1),41.18,24.53,13-40,53,7
Crashing Wave (Copy 1),41.18,34.78,48-90,138,15
Iguana Parrot (Copy 1),41.15,35.62,57-103,160,18
Pelargir Survivor (Copy 1),41.09,32.35,33-69,102,12
Jeong Jeong's Deserters (Copy 1),41.03,36.79,78-134,212,21
Benthic Criminologists (Copy 1),41.0,34.53,48-91,139,16
Super Intelligence (Copy 2),40.98,30.12,25-58,83,6
Marketwatch Phantom (Copy 1),40.97,33.86,43-84,127,13
The Grey Havens (Copy 1),40.96,30.68,27-61,88,8
"Abomination, Terrifying Titan (Copy 1)",40.94,39.32,219-338,557,40
"Lilah, Undefeated Slickshot (Copy 1)",40.94,7.41,2-25,27,3
City Pigeon (Copy 1),40.89,34.69,51-96,147,16
Bewitching Leechcraft (Copy 1),40.87,34.87,53-99,152,14
Dúnedain Blade (Copy 1),40.77,35.0,56-104,160,14
"Ray Fillet, Man Ray (Copy 1)",40.69,20.0,9-36,45,5
Ithilien Kingfisher (Copy 1),40.66,34.04,48-93,141,15
Unliving Legionnaire (Copy 2),40.66,38.24,148-239,387,34
Photon Blast Barrage (Copy 1),40.64,39.05,230-359,589,43
Messenger Hawk (Copy 1),40.64,32.77,39-80,119,14
Mithril Coat (Copy 1),40.62,7.14,2-26,28,3
Gandalf the White (Copy 1),40.6,12.12,4-29,33,4
The Coming of Galactus (Copy 1),40.58,31.78,34-73,107,8
"Wonder Man, Hollywood Hero (Copy 1)",40.55,39.27,291-450,741,51
Zuko's Exile (Copy 1),40.52,34.91,59-110,169,18
Revive the Shire (Copy 1),40.52,35.92,74-132,206,19
Tiger-Dillo (Copy 1),40.52,22.64,12-41,53,5
The Ten Rings (Copy 1),40.47,32.17,37-78,115,9
Hawkeye's Bow (Copy 2),40.46,36.59,90-156,246,24
Ranger's Firebrand (Copy 1),40.32,29.07,25-61,86,8
Brandywine Farmer (Copy 1),40.27,32.23,39-82,121,12
Gimli's Axe (Copy 1),40.21,35.08,67-124,191,16
"Lo and Li, Twin Tutors (Copy 1)",40.21,29.21,26-63,89,11
Alien Symbiosis (Copy 1),40.21,29.21,26-63,89,8
Vibranium Energy Daggers (Copy 2),40.15,36.98,115-196,311,24
"Sokka, Bold Boomeranger (Copy 1)",40.15,13.51,5-32,37,5
Unstable Experiment (Copy 1),40.08,33.1,47-95,142,17
Merciless Enforcers (Copy 1),40.0,36.08,92-163,255,27
Interdimensional Web Watch (Copy 1),40.0,6.67,2-28,30,5
Mob Lookout (Copy 1),39.95,36.33,101-177,278,27
White Lotus Reinforcements (Copy 1),39.89,27.71,23-60,83,10
Venomized Cat (Copy 1),39.8,34.67,69-130,199,21
"King T'Challa // Black Panther, Hope Enduring (Copy 1)",39.68,28.09,25-64,89,7
Beetle-Headed Merchants (Copy 1),39.53,35.25,86-158,244,26
Captain of Umbar (Copy 1),39.5,29.0,29-71,100,10
Alley Assailant (Copy 1),39.48,31.58,42-91,133,13
Bumi Bash (Copy 1),39.46,34.02,66-128,194,20
Cunning Maneuver (Copy 1),39.32,35.06,88-163,251,21
"Killmonger, Scourge of Wakanda (Copy 1)",39.28,37.48,223-372,595,49
Haradrim Spearmaster (Copy 1),39.18,32.74,55-113,168,16
Powerful Broker (Copy 2),39.1,36.14,133-235,368,29
Forest (Copy 3),38.98,31.82,49-105,154,23
Rally at the Hornburg (Copy 1),38.97,32.56,56-116,172,16
Call of the Ring (Copy 1),38.85,19.3,11-46,57,6
"Donatello, Way with Machines (Copy 1)",38.73,23.29,17-56,73,8
"Joo Dee, One of Many (Copy 1)",38.51,22.97,17-57,74,8
"Katara, Water Tribe's Hope (Copy 1)",38.46,11.63,5-38,43,5
Generous Ent (Copy 1),38.26,32.7,69-142,211,17
Gathering Place (Copy 1),38.1,34.6,118-223,341,24
Gimli's Fury (Copy 1),37.9,27.73,33-86,119,11
Rise of the Witch-king (Copy 1),37.84,23.53,20-65,85,9
Boar-q-pine (Copy 1),37.55,30.51,54-123,177,20
Primordial Pachyderm (Copy 1),37.5,27.42,34-90,124,14
Spider-Suit (Copy 1),37.14,5.0,2-38,40,5
Undercover Crocodelf (Copy 1),37.0,26.77,34-93,127,16
Solstice Revelations (Copy 1),36.46,19.75,16-65,81,8
Elven Farsight (Copy 1),36.29,27.67,44-115,159,15
"Éowyn, Lady of Rohan (Copy 1)",35.75,17.72,14-65,79,7
Rocky Rebuke (Copy 1),35.49,27.98,54-139,193,19
